--SELECT 'DROP TABLE "' || TABLE_NAME || '" CASCADE CONSTRAINTS;' FROM user_tables;

ALTER SESSION SET NLS_DATE_FORMAT = 'yyyy-mm-dd';
DROP TABLE EMP_RESTAURANT;
DROP TABLE EMP_NOTICE;
DROP TABLE RES_NOTICE;
DROP TABLE RES_RESERVATION;
DROP TABLE RES_MEAL_ORDER_DETAIL;
DROP TABLE ROOM_MEAL_ORDER_DETAIL;
DROP TABLE RES_MEAL_ORDER_MASTER;
DROP TABLE ROOM_MEAL_ORDER_MASTER;
DROP TABLE FAVORITE_MEAL;
DROP TABLE MEAL_PICTURE;
DROP TABLE MEAL;
DROP TABLE MEAL_TYPE;
DROP TABLE RESTAURANT;
DROP TABLE BOOKING_ORDER_DETAIL;
DROP TABLE ROOM;
DROP TABLE BOOKING_ORDER_MASTER;
DROP TABLE SALE_ORDER_DETAIL;
DROP TABLE SALEPLAN;
DROP TABLE ROOM_TYPE_REV;
DROP TABLE ROOM_TYPE_PICTURE;
DROP TABLE ROOM_DATE;
DROP TABLE ROOM_SALE_PRICE;
DROP TABLE ROOM_TYPE;
DROP TABLE EMP_AUTHORITY;
DROP TABLE EMPLOYEE;
DROP TABLE DEPARTMENT;
DROP TABLE FEATURE;
DROP TABLE MESSAGE_REPORT;
DROP TABLE DIARY_MESSAGE;
DROP TABLE DIARY_REPORT;
DROP TABLE DIARY;
DROP TABLE NEWS;
DROP TABLE CUS_NOTICE;
DROP TABLE CUSTOMER;


-------------------------------------------------------------------------




--select table_name from user_tables;


-- Create CUSTOMER FUNCTION Table --
CREATE TABLE CUSTOMER (
 CUS_ID             VARCHAR2(10) NOT NULL,
 CUS_NAME           VARCHAR2(50) NOT NULL,
 CUS_EMAIL          VARCHAR(30) NOT NULL,
 CUS_CEL            VARCHAR2(10)  NOT NULL,
 COUNTRY            NUMBER(1) NOT NULL,
 ID_NUM             VARCHAR2(15) NOT NULL,
 CUS_BIR            DATE,
 CUS_PASSWORD       VARCHAR2(20) NOT NULL,
 REG_DATE           DATE  DEFAULT SYSDATE NOT NULL,
 IDF_PIC            BLOB,
 CUS_CK             NUMBER(1) DEFAULT 0,
 CAPTCHA            VARCHAR(30),
 --原為VARCHAR2
 CONSTRAINT PK_CUS PRIMARY KEY (CUS_ID)
);



CREATE TABLE CUS_NOTICE (
 CUS_NOTICE_NO               VARCHAR2(10) NOT NULL,
 CUS_ID                      VARCHAR2(10) NOT NULL,
 MESSAGE                     CLOB,
 --MESSAGE_STATUS NUMBER(1),
 MESSAGE_STATUS              NUMBER(1) DEFAULT 0,
 CONSTRAINT PK_CUS_NOTICE    PRIMARY KEY (CUS_NOTICE_NO),
 CONSTRAINT FK_CUNO_CUSTOMER FOREIGN KEY (CUS_ID) REFERENCES CUSTOMER (CUS_ID)
);


CREATE TABLE NEWS (
 NEWS_NO                VARCHAR2(10) NOT NULL,
 NEWS_CONTENT           CLOB NOT NULL,
 NEWS_STATUS            NUMBER(1) DEFAULT 1,
 CONSTRAINT PK_NEWS     PRIMARY KEY (NEWS_NO)
);


-- Create CUSTOMER FUNCTION Table --
CREATE TABLE DIARY (
 DIARY_NO                     VARCHAR2(15) NOT NULL,
 CUS_ID                       VARCHAR2(10) NOT NULL,
 DIARY_DATE                   DATE DEFAULT SYSDATE,
 DIARY_TITLE                  VARCHAR2(60),
 DIARY_CONTENT                CLOB NOT NULL,
 DIARY_STATUS                 NUMBER(1) DEFAULT 1,
 CONSTRAINT PK_DIARY          PRIMARY KEY (DIARY_NO),
 CONSTRAINT FK_DIARY_CUSTOMER FOREIGN KEY (CUS_ID) REFERENCES CUSTOMER (CUS_ID)
);


CREATE TABLE DIARY_MESSAGE (
 DIARY_MESSAGE_NO            VARCHAR2(15) NOT NULL,
 CUS_ID                      VARCHAR2(10) NOT NULL,
 DIARY_NO                    VARCHAR2(15) NOT NULL,
 DIARY_MESSAGE_DATE          DATE DEFAULT SYSDATE NOT NULL,
 DIARY_MESSAGE_CONTENT       CLOB NOT NULL,
 diary_message_status        NUMBER(1) DEFAULT 1,
 CONSTRAINT PK_DIARY_MESSAGE PRIMARY KEY (DIARY_MESSAGE_NO),
 CONSTRAINT FK_DIME_CUSTOMER FOREIGN KEY (CUS_ID) REFERENCES CUSTOMER (CUS_ID),
 CONSTRAINT FK_DIME_DIARY    FOREIGN KEY (DIARY_NO) REFERENCES DIARY (DIARY_NO)
);


-- identifier is too long, stop using CONSTRAINT --
CREATE TABLE MESSAGE_REPORT (
 MESSAGE_REPORT_NO VARCHAR2(10) NOT NULL,
 CUS_ID VARCHAR2(10) NOT NULL,
 DIARY_NO VARCHAR2(15) NOT NULL,
 DIARY_MESSAGE_NO VARCHAR2(15) NOT NULL,
 REPORT_PROJECT NUMBER(1) NOT NULL,
 REPORT_DATE DATE DEFAULT SYSDATE NOT NULL,
 MESSAGE_REPORT_STATUS NUMBER(1) DEFAULT 1,
 CONSTRAINT PK_MESSAGE_REPORT PRIMARY KEY (MESSAGE_REPORT_NO),
 CONSTRAINT FK_MSRE_CUSTOMER FOREIGN KEY (CUS_ID) REFERENCES CUSTOMER (CUS_ID),
 CONSTRAINT FK_MSRE_DIARY FOREIGN KEY (DIARY_NO) REFERENCES DIARY (DIARY_NO),
 CONSTRAINT FK_MSRE_DIARY_MESSAGE FOREIGN KEY (DIARY_MESSAGE_NO) REFERENCES DIARY_MESSAGE (DIARY_MESSAGE_NO)
);


CREATE TABLE DIARY_REPORT (
    DIARY_REPORT_NO VARCHAR2(10) NOT NULL,
    CUS_ID VARCHAR2(10) NOT NULL,
    DIARY_NO VARCHAR2(15) NOT NULL,
    REPORT_PROJECT NUMBER(1),
    REPORT_DATE DATE DEFAULT SYSDATE,
    DIARY_REPORT_STATUS NUMBER(1),
    CONSTRAINT PK_DIARY_REPORT PRIMARY KEY (DIARY_REPORT_NO),
    CONSTRAINT FK_DIARY_REPORT_CUSTOMER FOREIGN KEY (CUS_ID) REFERENCES CUSTOMER (CUS_ID),
    CONSTRAINT FK_DIARY_REPORT_DIARY FOREIGN KEY (DIARY_NO) REFERENCES DIARY (DIARY_NO)
);

-- Create MEAL_ORDER FUNCTION Table --
CREATE TABLE DEPARTMENT (
 DEP_NO VARCHAR2(5) NOT NULL,
 DEP_NAME VARCHAR2(15) NOT NULL,
 CONSTRAINT PK_DEPARTMENT PRIMARY KEY (DEP_NO)
);

CREATE TABLE EMPLOYEE (
 EMP_ID VARCHAR2(10) NOT NULL,
 DEP_NO VARCHAR2(10) NOT NULL,
 EMP_NAME VARCHAR2(10) NOT NULL,
 EMP_PHONE NUMBER(10) NOT NULL,
 EMP_EMAIL VARCHAR2(30) NOT NULL,
 EMP_PASSWORD VARCHAR2(20) NOT NULL,
 EMP_STATUS NUMBER(1) NOT NULL,
 EMP_PICTURE BLOB,
 CONSTRAINT PK_EMPLOYEE PRIMARY KEY (EMP_ID),
 CONSTRAINT FK_EMPL_DEPARTMENT FOREIGN KEY (DEP_NO) REFERENCES DEPARTMENT (DEP_NO),
 CONSTRAINT UNI_EMPL_EMP_EMAIL UNIQUE (EMP_EMAIL)
);

CREATE TABLE FEATURE (
 FEAT_NO VARCHAR2(8) NOT NULL,
 FEAT_NAME VARCHAR2(30) NOT NULL,
 CONSTRAINT PK_EMPLOYEE_FEATURE PRIMARY KEY (FEAT_NO)
);


-- Can't use CONSTRAINT to build Compound Key --
CREATE TABLE EMP_AUTHORITY (
 EMP_ID VARCHAR2(10) NOT NULL,
 FEAT_NO VARCHAR2(8) NOT NULL,
-- PRIMARY KEY (EMP_ID, FEAT_NO),
 CONSTRAINT PK_EMP_AUTHORITY PRIMARY KEY (EMP_ID, FEAT_NO),
 CONSTRAINT FK_EMAU_EMPLOYEE FOREIGN KEY (EMP_ID) REFERENCES EMPLOYEE (EMP_ID),
 CONSTRAINT FK_EMAU_EMPLOYEE_FEATURE FOREIGN KEY (FEAT_NO) REFERENCES FEATURE (FEAT_NO)
);


-- Create ROOM_ORDER FUNCTION Table --
CREATE TABLE ROOM_TYPE (
 ROOM_TYPE_NO VARCHAR2(5) NOT NULL,
 ROOM_TYPE_NAME VARCHAR2(20) NOT NULL,
 ARTICLE CLOB NOT NULL,
 QUANTITY NUMBER(3) DEFAULT 0,
 PERSON_CAPACITY NUMBER(1) NOT NULL,
 ADD_PEOPLE NUMBER(1) NOT NULL,
 PRICE NUMBER(5) NOT NULL,
 HOLIDAY_PRICE NUMBER(5) NOT NULL,
 WORKINGDAY_PRICE NUMBER(5) NOT NULL,
 TOTAL_PEOPLE NUMBER(2) NOT NULL,
 STAR_AMOUNT NUMBER(10) DEFAULT 0,
 STAR_PEOPLE NUMBER(10) DEFAULT 0,
 ROOM_TYPE_STATUS NUMBER(1) DEFAULT 1 NOT NULL ,
 
-- CONSTRAINT PK_ROOM_TYPE_NO PRIMARY KEY (ROOM_TYPE_NO)
 CONSTRAINT PK_ROOM_TYPE PRIMARY KEY (ROOM_TYPE_NO)
);

CREATE TABLE ROOM_TYPE_PICTURE (
 ROOM_TYPE_PICTURE_NO VARCHAR2(7) NOT NULL,
 ROOM_TYPE_NO VARCHAR2(5) NOT NULL,
 ROOM_TYPE_PIC BLOB NOT NULL,
 CONSTRAINT PK_ROOM_TYPE_PICTURE PRIMARY KEY (ROOM_TYPE_PICTURE_NO),
 CONSTRAINT FK_RTPI_ROOM_TYPE FOREIGN KEY (ROOM_TYPE_NO) REFERENCES ROOM_TYPE (ROOM_TYPE_NO)
);

CREATE TABLE ROOM_DATE(
DATE_TIME DATE NOT NULL,
ISHOLIDAY NUMBER(1),
CONSTRAINT PK_ROOM_DATE PRIMARY KEY(DATE_TIME)
);
--
--CREATE TABLE ROOM_SALE_PRICE (
-- ROOM_TYPE_NO VARCHAR2(5) NOT NULL,
-- HOLIDAY_PRICE NUMBER(5),
-- WORKINGDAY_PRICE NUMBER(5),
-- --BK_DATE DATE NOT NULL,
-- --SALE_PRICE NUMBER(5) NOT NULL,
-- --QTY_AVAILABLE NUMBER(3) NOT NULL,
-- CONSTRAINT PK_ROOM_SALE_PRICE PRIMARY KEY (ROOM_TYPE_NO),
-- CONSTRAINT FK_RSPR_ROOM_TYPE FOREIGN KEY (ROOM_TYPE_NO) REFERENCES ROOM_TYPE (ROOM_TYPE_NO)
--);


CREATE TABLE ROOM_TYPE_REV (
 ROOM_TYPE_REV_NO VARCHAR2(10) NOT NULL,
 ROOM_TYPE_NO VARCHAR2(5) NOT NULL,
 REV VARCHAR2(100),
 CONSTRAINT PK_ROOM_TYPE_REV PRIMARY KEY (ROOM_TYPE_REV_NO),
 CONSTRAINT FK_RTRE_ROOM_TYPE FOREIGN KEY (ROOM_TYPE_NO) REFERENCES ROOM_TYPE (ROOM_TYPE_NO)
);

CREATE TABLE SALEPLAN (
 SAPL_NO VARCHAR2(8) NOT NULL,
 SAPL_NAME VARCHAR2(30) NOT NULL,
 DETAIL VARCHAR2(100),
 START_DATE DATE NOT NULL,
 END_DATE DATE NOT NULL,
 SAPL_DISCOUNT NUMBER(2,2) NOT NULL,
 STATUS NUMBER(1) DEFAULT 2 NOT NULL, 
 CONSTRAINT PK_SALEPLAN PRIMARY KEY (SAPL_NO)
);

CREATE TABLE SALE_ORDER_DETAIL (
 ROOM_TYPE_NO VARCHAR2(5) NOT NULL,
 SAPL_NO VARCHAR2(8) NOT NULL,
 CONSTRAINT PK_SALE_ORDER_DETAIL PRIMARY KEY (ROOM_TYPE_NO, SAPL_NO),
 CONSTRAINT FK_SODE_ROOM_TYPE FOREIGN KEY (ROOM_TYPE_NO) REFERENCES ROOM_TYPE (ROOM_TYPE_NO),
 CONSTRAINT FK_SODE_SALEPLAN FOREIGN KEY (SAPL_NO) REFERENCES SALEPLAN (SAPL_NO)
);
CREATE TABLE BOOKING_ORDER_MASTER (
 B_ORDER_NO VARCHAR2(15) NOT NULL,
 CUS_ID VARCHAR2(10) NOT NULL,
 TOTAL_PRICE NUMBER(7),
 START_DATE DATE NOT NULL,
 END_DATE DATE NOT NULL,
 CO_TIME DATE ,--存入checkout時間，同時運算要加付的金額
 ORDER_DATE DATE DEFAULT SYSDATE,
 STATUS NUMBER(1),
 CONSTRAINT PK_BOOKING_ORDER_MASTER PRIMARY KEY (B_ORDER_NO),
 CONSTRAINT FK_BOMA_CUSTOMER FOREIGN KEY (CUS_ID) REFERENCES CUSTOMER (CUS_ID)
);


CREATE TABLE ROOM (
 ROOM_ID VARCHAR2(5) NOT NULL,
 ROOM_TYPE_NO VARCHAR2(5) NOT NULL,
 ROOM_NO VARCHAR2(3) NOT NULL,
 ROOM_STATUS NUMBER(2) DEFAULT 0 NOT NULL,
 CLEAN_STATUS NUMBER(2) DEFAULT 1 NOT NULL,
 CUS_ID VARCHAR2(10),
 TENANT_NAME VARCHAR2(10),
 TENANT_PHONE VARCHAR2(10),
 B_ORDER_NO VARCHAR2(15),
 CONSTRAINT PK_ROOM PRIMARY KEY (ROOM_ID),
 CONSTRAINT FK_ROOM_ROOM_TYPE FOREIGN KEY (ROOM_TYPE_NO) REFERENCES ROOM_TYPE (ROOM_TYPE_NO),
 CONSTRAINT FK_ROOM_CUSTOMER FOREIGN KEY (CUS_ID) REFERENCES CUSTOMER (CUS_ID),
 CONSTRAINT FK_ROOM_BOOKING_ORDER_MASTER FOREIGN KEY (B_ORDER_NO) REFERENCES BOOKING_ORDER_MASTER (B_ORDER_NO)
);



--CREATE TABLE BOOKING_ORDER_MASTER (
-- B_ORDER_NO VARCHAR2(10) NOT NULL,
-- CUS_ID VARCHAR2(10) NOT NULL,
-- CONSTRAINT PK_BOOKING_ORDER_MASTER PRIMARY KEY (B_ORDER_NO),
-- CONSTRAINT FK_BOMA_CUSTOMER FOREIGN KEY (CUS_ID) REFERENCES CUSTOMER (CUS_ID)
--);

--刪除明細編號與房間編號 更改PK為訂單編號加房型的雙主鍵
CREATE TABLE BOOKING_ORDER_DETAIL (
 B_ORDER_NO VARCHAR2(15) NOT NULL,
 ROOM_TYPE_NO VARCHAR2(5) NOT NULL,
 QUANTITY NUMBER(3) NOT NULL,
 TOTAL_ADD_PEOPLE NUMBER(2) DEFAULT 0 NOT NULL,
 PRICE NUMBER(7) NOT NULL,
 
 CONSTRAINT PK_BOOKING_ORDER_DETAIL PRIMARY KEY (B_ORDER_NO, ROOM_TYPE_NO),
 CONSTRAINT FK_BODE_BOOKING_ORDER_MASTER FOREIGN KEY (B_ORDER_NO) REFERENCES BOOKING_ORDER_MASTER (B_ORDER_NO),
 CONSTRAINT FK_BODE_ROOM_TYPE FOREIGN KEY (ROOM_TYPE_NO) REFERENCES ROOM_TYPE (ROOM_TYPE_NO)
);

--CREATE TABLE BOOKING_ORDER_DETAIL (
-- B_ORDER_DETAIL_NO VARCHAR2(10) NOT NULL,
-- B_ORDER_NO VARCHAR2(10) NOT NULL,
-- ROOM_TYPE_NO VARCHAR2(5) NOT NULL,
-- ROOM_ID VARCHAR2(5),
-- QUANTITY NUMBER(3) NOT NULL,
-- TOTAL_PRICE VARCHAR2(5) NOT NULL,
-- START_DATE DATE NOT NULL,
-- END_DATE DATE NOT NULL,
-- CONSTRAINT PK_BOOKING_ORDER_DETAIL PRIMARY KEY (B_ORDER_DETAIL_NO),
-- CONSTRAINT FK_BODE_BOOKING_ORDER_MASTER FOREIGN KEY (B_ORDER_NO) REFERENCES BOOKING_ORDER_MASTER (B_ORDER_NO),
-- CONSTRAINT FK_BODE_ROOM_TYPE FOREIGN KEY (ROOM_TYPE_NO) REFERENCES ROOM_TYPE (ROOM_TYPE_NO),
-- CONSTRAINT FK_BODE_ROOM FOREIGN KEY (ROOM_ID) REFERENCES ROOM (ROOM_ID)
--);


-- Create MEAL_ORDER FUNCTION Table --
--CREATE TABLE RESTAURANT (
-- RES_NO VARCHAR2(10) NOT NULL,
-- RES_NAME VARCHAR2(15) NOT NULL,
-- RES_CONTACT VARCHAR2(15) NOT NULL,
-- RES_PHONE NUMBER(10) NOT NULL,
-- CONSTRAINT PK_RESTAURANT PRIMARY KEY (RES_NO)
--);

CREATE TABLE RESTAURANT (
 RES_NO VARCHAR2(10) NOT NULL,
 RES_NAME VARCHAR2(15) NOT NULL,
 TOTAL_SEATS NUMBER(3) NOT NULL,
 RES_CONTACT VARCHAR2(15) NOT NULL,
 RES_PHONE VARCHAR2(10) NOT NULL,
 RES_STATUS NUMBER(1) NOT NULL,
 CONSTRAINT PK_RESTAURANT PRIMARY KEY (RES_NO)
);

CREATE TABLE EMP_RESTAURANT (
    EMP_ID VARCHAR2(10) NOT NULL,
    RES_NO VARCHAR2(10) NOT NULL,
    
     CONSTRAINT PK_EMP_RESTAURANT PRIMARY KEY (EMP_ID, RES_NO),
     CONSTRAINT FK_EMRE_EMPLOYEE FOREIGN KEY (EMP_ID) REFERENCES EMPLOYEE (EMP_ID),
     CONSTRAINT FK_EMRE_EMPLOYEE_RES_NO FOREIGN KEY (RES_NO) REFERENCES RESTAURANT (RES_NO)
);

CREATE TABLE MEAL_TYPE (            
 MEAL_TYPE_NO VARCHAR2(10) NOT NULL,
 TYPE_NAME VARCHAR2(15) NOT NULL,
 CONSTRAINT PK_MEAL_TYPE PRIMARY KEY (MEAL_TYPE_NO)
);


CREATE TABLE MEAL (
 MEAL_NO VARCHAR2(10) NOT NULL,
 RES_NO VARCHAR2(10) NOT NULL,
 MEAL_TYPE_NO VARCHAR2(10) NOT NULL,
 PRICE NUMBER(10) NOT NULL,
 MEAL_NAME VARCHAR2(50) NOT NULL,
 MEAL_INTRODUCTION CLOB,
 MEAL_DATE DATE DEFAULT SYSDATE NOT NULL,
 MEAL_STATUS NUMBER(1) NOT NULL,
 MEAL_PICTURE BLOB,
 CONSTRAINT PK_MEAL PRIMARY KEY (MEAL_NO),
 CONSTRAINT FK_MEAL_RESTAURANT FOREIGN KEY (RES_NO) REFERENCES RESTAURANT (RES_NO),
 CONSTRAINT FK_MEAL_MEAL_TYPE_NO FOREIGN KEY (MEAL_TYPE_NO) REFERENCES MEAL_TYPE (MEAL_TYPE_NO)
);



CREATE TABLE MEAL_PICTURE (
 MEAL_PICTURE_NO  VARCHAR2(10) NOT NULL,
 MEAL_NO VARCHAR2(10) NOT NULL,
 MEAL_PIC BLOB NOT NULL,
 CONSTRAINT PK_MEAL_PICTURE PRIMARY KEY (MEAL_PICTURE_NO),
 CONSTRAINT FK_MEPI_MEAL_NO FOREIGN KEY (MEAL_NO) REFERENCES MEAL (MEAL_NO)
);

CREATE TABLE FAVORITE_MEAL (
 CUS_ID VARCHAR2(10) NOT NULL,
 MEAL_NO VARCHAR2(10) NOT NULL,
 CONSTRAINT PK_FAVORITE_MEAL PRIMARY KEY (CUS_ID,MEAL_NO),
 CONSTRAINT FK_FAVORITE_MEAL_CUSTOMER FOREIGN KEY (CUS_ID) REFERENCES CUSTOMER (CUS_ID),
 CONSTRAINT FK_FAME_MEAL_NO FOREIGN KEY (MEAL_NO) REFERENCES MEAL (MEAL_NO)
);

--餐廳用餐訂單
CREATE TABLE RES_MEAL_ORDER_MASTER (
 RES_MEAL_ORDER_NO VARCHAR2(17) NOT NULL,
 B_ORDER_NO VARCHAR2(15),  
 TABLE_NO NUMBER(3) NOT NULL,
 TOTAL_PRICE NUMBER(10),
 ORDER_DATE TIMESTAMP DEFAULT CURRENT_TIMESTAMP,
 ORDER_STATUS NUMBER(1) DEFAULT 1 NOT NULL,
 SPECIAL_REQUIREMENT VARCHAR2(200),
 CONSTRAINT PK_RES_MEAL_ORDER_MASTER PRIMARY KEY (RES_MEAL_ORDER_NO),
 CONSTRAINT FK_REMOM_BOOKING_ORDER_MASTER FOREIGN KEY (B_ORDER_NO) REFERENCES BOOKING_ORDER_MASTER (B_ORDER_NO)
);

CREATE TABLE RES_MEAL_ORDER_DETAIL (
 RES_MEAL_ORDER_NO VARCHAR2(17) NOT NULL,
 MEAL_NO VARCHAR2(10) NOT NULL,
 PRICE NUMBER(5) NOT NULL,
 QUANTITY NUMBER(3) NOT NULL,
 CONSTRAINT PK_RES_MEAL_ORDER_DETAIL PRIMARY KEY (RES_MEAL_ORDER_NO, MEAL_NO),
 CONSTRAINT FK_REMOD_RES_MEAL_ORDER_MASTER FOREIGN KEY (RES_MEAL_ORDER_NO) REFERENCES RES_MEAL_ORDER_MASTER (RES_MEAL_ORDER_NO),
 CONSTRAINT FK_REMOD_MEAL FOREIGN KEY (MEAL_NO) REFERENCES MEAL (MEAL_NO)
);

--客房訂餐訂單
CREATE TABLE ROOM_MEAL_ORDER_MASTER (
ROOM_MEAL_ORDER_NO VARCHAR2(16) NOT NULL,
B_ORDER_NO VARCHAR2(15),
ROOM_NO VARCHAR2(6) NOT NULL,
EMP_ID VARCHAR2(10),
TOTAL_PRICE NUMBER(10),
ORDER_DATE DATE DEFAULT SYSDATE NOT NULL,
RO_ORDER_STATUS NUMBER(1) DEFAULT 0,
SPECIAL_REQUIREMENT VARCHAR2(200),
CONSTRAINT PK_ROOM_MEAL_ORDER_MASTER PRIMARY KEY (ROOM_MEAL_ORDER_NO),
CONSTRAINT FK_RMOM_BOOKING_ORDER_MASTER FOREIGN KEY (B_ORDER_NO) REFERENCES BOOKING_ORDER_MASTER (B_ORDER_NO),
CONSTRAINT FK_RMOM_EMPLOYEE FOREIGN KEY(EMP_ID) REFERENCES EMPLOYEE (EMP_ID)
);


CREATE TABLE ROOM_MEAL_ORDER_DETAIL (
ROOM_MEAL_ORDER_NO VARCHAR2(16) NOT NULL,
MEAL_NO VARCHAR2(10) NOT NULL,
QUANTITY NUMBER(2) NOT NULL,
PRICE NUMBER(5) NOT NULL,
CONSTRAINT PK_ROOM_MEAL_ORDER_DETAIL PRIMARY KEY (ROOM_MEAL_ORDER_NO, MEAL_NO),
CONSTRAINT FK_RMOD_RM_MEAL_ORDER_MASTER FOREIGN KEY (ROOM_MEAL_ORDER_NO) REFERENCES ROOM_MEAL_ORDER_MASTER(ROOM_MEAL_ORDER_NO),
CONSTRAINT FK_RMOD_MEAL FOREIGN KEY(MEAL_NO) REFERENCES MEAL(MEAL_NO)
);

--新增用餐時段
CREATE TABLE RES_RESERVATION (
 RESERVATION_NO VARCHAR2(15) NOT NULL,
 CUS_ID VARCHAR2(10) NOT NULL,
 RES_NO VARCHAR2(10) NOT NULL,
 RESERVATION_DATE DATE DEFAULT SYSDATE NOT NULL,
 RESV_PERIOD NUMBER(2) NOT NULL,
 RESV_PEOPLE NUMBER(10) NOT NULL,
 RESV_STATUS NUMBER(1) DEFAULT 1 NOT NULL,
 CONSTRAINT PK_RES_RESERVATION PRIMARY KEY (RESERVATION_NO),
 CONSTRAINT FK_RERE_CUSTOMER FOREIGN KEY (CUS_ID) REFERENCES CUSTOMER (CUS_ID),
 CONSTRAINT FK_RERE_RESTAURANT FOREIGN KEY (RES_NO) REFERENCES RESTAURANT (RES_NO)
);
---
--CREATE TABLE RES_RESERVATION (
-- RESERVATION_NO VARCHAR2(10) NOT NULL,
-- CUS_ID VARCHAR2(10) NOT NULL,
-- RES_NO VARCHAR2(10) NOT NULL,
-- RESERVATION_DATE DATE NOT NULL,
-- RESV_PEOPLE NUMBER(10) NOT NULL,
-- CONSTRAINT PK_RES_RESERVATION PRIMARY KEY (RESERVATION_NO),
-- CONSTRAINT FK_RERE_CUSTOMER FOREIGN KEY (CUS_ID) REFERENCES CUSTOMER (CUS_ID),
-- CONSTRAINT FK_RERE_RESTAURANT FOREIGN KEY (RES_NO) REFERENCES RESTAURANT (RES_NO)
--);


CREATE TABLE RES_NOTICE (
 RES_NOTICE_NO VARCHAR2(10) NOT NULL,
 ROOM_MEAL_ORDER_NO VARCHAR2(15) NOT NULL,
 RES_NO VARCHAR2(10) NOT NULL,
 MESSAGE CLOB NOT NULL,
 NOTICE_DATE DATE DEFAULT SYSDATE NOT NULL,
 RES_NOTICE_STATUS NUMBER(1) DEFAULT 0 NOT NULL,
 CONSTRAINT PK_RES_NOTICE PRIMARY KEY (RES_NOTICE_NO),
 CONSTRAINT FK_RENO_RESTAURANT FOREIGN KEY (RES_NO) REFERENCES RESTAURANT (RES_NO),
 CONSTRAINT FK_RENO_MEAL_ORDER_MASTER FOREIGN KEY (ROOM_MEAL_ORDER_NO) REFERENCES ROOM_MEAL_ORDER_MASTER (ROOM_MEAL_ORDER_NO)
);

--員工通知 把"房間編號"改為"房號"
CREATE TABLE EMP_NOTICE (
 EMP_NOTICE_NO VARCHAR2(10) NOT NULL,
 EMP_ID VARCHAR2(10) NOT NULL,
 ROOM_NO VARCHAR2(3) NOT NULL,
 ROOM_MEAL_ORDER_NO VARCHAR2(15) NOT NULL,
 MESSAGE VARCHAR2(200) NOT NULL,
 NOTICE_DATE DATE DEFAULT SYSDATE NOT NULL,
 EMP_NOTICE_STATUS NUMBER(1) DEFAULT 0 NOT NULL,
 CONSTRAINT PK_EMP_NOTICE PRIMARY KEY (EMP_NOTICE_NO),
 CONSTRAINT FK_EMNO_EMPLOYEE FOREIGN KEY (EMP_ID) REFERENCES EMPLOYEE (EMP_ID),
 CONSTRAINT FK_EMNO_ROOM_MEAL_ORDER_MASTER FOREIGN KEY (ROOM_MEAL_ORDER_NO) REFERENCES ROOM_MEAL_ORDER_MASTER (ROOM_MEAL_ORDER_NO)
 
);
---------------------------------------------------------------


--SAVEPOINT point01;--表格都建好了
--ROLLBACK TO SAVEPOINT point01;

--SAVEPOINT point02;--測試流水號
--ROLLBACK TO SAVEPOINT point02;
--SET AUTOcommit OFF;
--CURRENT_TIMESTAMP
--圖片的部分都不先insert進去

ALTER SESSION SET NLS_DATE_FORMAT = 'yyyy-mm-dd';

------------------------------------------------------------------------------------------------------------
--會員
 
DROP SEQUENCE SEQ_CUS_ID;
CREATE SEQUENCE SEQ_CUS_ID;
  
Insert into CUSTOMER (CUS_ID,CUS_NAME,CUS_EMAIL,CUS_CEL,COUNTRY,ID_NUM,CUS_BIR,CUS_PASSWORD,CUS_CK,CAPTCHA) 
        values ('CUS'||TO_CHAR(SEQ_CUS_ID.nextval,'FM0000000'),'魯夫','Luffy@gmail.com','0912345678',1,'A123456789',to_date('2001-02-19','yyyy-mm-dd'),'123456',0,'B5EW01');
Insert into CUSTOMER (CUS_ID,CUS_NAME,CUS_EMAIL,CUS_CEL,COUNTRY,ID_NUM,CUS_BIR,CUS_PASSWORD,CUS_CK,CAPTCHA) 
        values ('CUS'||TO_CHAR(SEQ_CUS_ID.nextval,'FM0000000'),'紅髮傑克','Shanks@gmail.com','0945645645',1,'A122222222',to_date('1990-02-19','yyyy-mm-dd'),'123456',0,'A521DS');
Insert into CUSTOMER (CUS_ID,CUS_NAME,CUS_EMAIL,CUS_CEL,COUNTRY,ID_NUM,CUS_BIR,CUS_PASSWORD,CUS_CK,CAPTCHA) 
        values ('CUS'||TO_CHAR(SEQ_CUS_ID.nextval,'FM0000000'),'白鬍子','WhiteBeard@gmail.com','0978945612',0,'G120987655',to_date('1980-02-19','yyyy-mm-dd'),'754673',0,'IU65F3');
Insert into CUSTOMER (CUS_ID,CUS_NAME,CUS_EMAIL,CUS_CEL,COUNTRY,ID_NUM,CUS_BIR,CUS_PASSWORD,CUS_CK,CAPTCHA) 
        values ('CUS'||TO_CHAR(SEQ_CUS_ID.nextval,'FM0000000'),'羅傑','Roger@gmail.com','0912245579',0,'X229753088',to_date('2005-02-19','yyyy-mm-dd'),'4563456',0,'CF574A');
Insert into CUSTOMER (CUS_ID,CUS_NAME,CUS_EMAIL,CUS_CEL,COUNTRY,ID_NUM,CUS_BIR,CUS_PASSWORD,CUS_CK,CAPTCHA) 
        values ('CUS'||TO_CHAR(SEQ_CUS_ID.nextval,'FM0000000'),'多拉格','Dragon@gmail.com','0945545546',0,'C228518521',to_date('1990-02-19','yyyy-mm-dd'),'834685',0,'WE8Q74');
Insert into CUSTOMER (CUS_ID,CUS_NAME,CUS_EMAIL,CUS_CEL,COUNTRY,ID_NUM,CUS_BIR,CUS_PASSWORD,CUS_CK,CAPTCHA) 
        values ('CUS'||TO_CHAR(SEQ_CUS_ID.nextval,'FM0000000'),'波雅·漢考克','BoaHancock@gmail.com','0978845513',1,'D227283954',to_date('1940-02-19','yyyy-mm-dd'),'54634563',0,'TR5SA3');

--SELECT COUNT(*) FROM CUSTOMER;
------------------------------------------------------------------------------------------------------------
--
DROP SEQUENCE SEQ_CUS_NOTICE_NO;
CREATE SEQUENCE SEQ_CUS_NOTICE_NO;

INSERT INTO cus_notice 
( cus_notice_no, cus_id, message,  message_status)
VALUES ( 'CUSNO'||TO_CHAR(SEQ_CUS_NOTICE_NO.nextval,'FM00000'), 'CUS0000001',
'今日於會員大廳，將有兒童互動活動，歡迎各位旅客參加', 1);
--總共存了600個字
INSERT INTO cus_notice 
(cus_notice_no, cus_id, message,  message_status)
VALUES  ( 'CUSNO'||TO_CHAR(SEQ_CUS_NOTICE_NO.nextval,'FM00000'),
'CUS0000002','JUST A MESSAGE', 1);
------------------------------------------------------------------------------------------------------------
--最新消息
DROP SEQUENCE SEQ_NEWS_NO;
CREATE SEQUENCE SEQ_NEWS_NO;
INSERT INTO NEWS(NEWS_NO, NEWS_CONTENT, NEWS_STATUS)
VALUES('NEWS'||TO_CHAR(SEQ_NEWS_NO.nextval,'FM000000'),'疾病管制署公布國內今(2020)年第2例境外移入茲卡病毒感染症確定病例，為南部20多歲馬來西亞籍男學生，1月16日至3月8日獨自返回馬來西亞探親，3月7日出現發燒症狀於當地診所就醫，8日返國時因曾有症狀，經機場檢疫站送驗新型冠狀病毒檢驗陰性，3月10日有全身紅疹、喉嚨痛等症狀，3月11日就醫後通報茲卡病毒感染症，經檢驗確診；目前個案症狀已改善，相關接觸者無疑似症狀，地方衛生單位已至個案活動地進行孳生源清除及化學防治，並給予個案及接觸者「1+6原則」衛教。

我國自2016年迄今共確診26例茲卡病毒感染症病例，均為境外移入，感染地多為東南亞國家，分別為越南及泰國各6例、緬甸及馬來西亞各3例、菲律賓2例，印尼、新加坡、聖露西亞、聖文森及格瑞那丁、美國(佛羅里達州邁阿密)及安哥拉各1例。2016至2020年病例數分別為13、4、3、4及2例。',1);


Insert into NEWS (NEWS_NO,NEWS_CONTENT,NEWS_STATUS)
values ('NEWS'||LPAD(to_char(SEQ_NEWS_NO.NEXTVAL),6, '0'),'疾病管制署公布國內今(2020)年第2例境外移入茲卡病毒感染症確定病例，為南部20多歲馬來西亞籍男學生，1月16日至3月8日獨自返回馬來西亞探親，3月7日出現發燒症狀於當地診所就醫，8日返國時因曾有症狀，經機場檢疫站送驗新型冠狀病毒檢驗陰性，3月10日有全身紅疹、喉嚨痛等症狀，3月11日就醫後通報茲卡病毒感染症，經檢驗確診；目前個案症狀已改善，相關接觸者無疑似症狀，地方衛生單位已至個案活動地進行孳生源清除及化學防治，並給予個案及接觸者「1+6原則」衛教。
我國自2016年迄今共確診26例茲卡病毒感染症病例，均為境外移入，感染地多為東南亞國家，分別為越南及泰國各6例、緬甸及馬來西亞各3例、菲律賓2例，印尼、新加坡、聖露西亞、聖文森及格瑞那丁、美國(佛羅里達州邁阿密)及安哥拉各1例。2016至2020年病例數分別為13、4、3、4及2例。','1');

Insert into NEWS (NEWS_NO,NEWS_CONTENT,NEWS_STATUS)
values ('NEWS'||LPAD(to_char(SEQ_NEWS_NO.NEXTVAL),6, '0'),'親愛的旅客，因應防範武漢肺炎，臺中市政府觀光局發佈公告，
旅館業者須「主動」為入住旅客測量額溫，敬請各位旅客配合，感謝。【自我保護好疫情免煩惱】
【好好保護自己也能保護別人】1. 肥皂勤洗手，減少觸摸眼鼻口  
2. 出入醫院、公共場所或密閉空間配戴口罩 3. 發燒、咳嗽或呼吸急促等症狀，務必在家休息，不要到公共場所','1');

Insert into NEWS (NEWS_NO,NEWS_CONTENT,NEWS_STATUS)
values ('NEWS'||LPAD(to_char(SEQ_NEWS_NO.NEXTVAL),6, '0'),'為落實防疫工作，並保障所有住客權益，即日起，預訂入住來賓具衛福部疾管署公告「嚴重特殊傳染性肺炎」國籍/地區身分，或於14天內有相關旅遊/轉機史之旅客，或入住時有發燒、咳嗽等症狀者，本飯店有權不予入住。敬請理解，並感謝您的配合。','1');

------------------------------------------------------------------------------------------------------------
--部門
DROP SEQUENCE SEQ_DEP_NO;
CREATE SEQUENCE SEQ_DEP_NO;
INSERT INTO DEPARTMENT(DEP_NO, DEP_NAME)
VALUES('DEP'||TO_CHAR(SEQ_DEP_NO.nextval,'FM00'),'餐飲部');
INSERT INTO DEPARTMENT(DEP_NO, DEP_NAME)
VALUES('DEP'||TO_CHAR(SEQ_DEP_NO.nextval,'FM00'),'客房部');
INSERT INTO DEPARTMENT(DEP_NO, DEP_NAME)
VALUES('DEP'||TO_CHAR(SEQ_DEP_NO.nextval,'FM00'),'休閒部');
------------------------------------------------------------------------------------------------------------
--員工
DROP SEQUENCE SEQ_EMPLOYEE_ID;
CREATE SEQUENCE SEQ_EMPLOYEE_ID;

INSERT INTO employee (emp_id, dep_no, emp_name,  emp_phone,
    emp_email, emp_password, emp_status) 
VALUES ('EMP'||TO_CHAR(SEQ_EMPLOYEE_ID.nextval,'FM0000000'),'DEP01','狸克',
0912345678,'Limberger1@gmail.com','123456',1);
INSERT INTO employee (emp_id, dep_no, emp_name,  emp_phone,
    emp_email, emp_password, emp_status) 
VALUES ('EMP'||TO_CHAR(SEQ_EMPLOYEE_ID.nextval,'FM0000000'),'DEP02','豆狸',
0912345678,'Limberger2@gmail.com','123456',1);
INSERT INTO employee (emp_id, dep_no, emp_name,  emp_phone,
    emp_email, emp_password, emp_status) 
VALUES ('EMP'||TO_CHAR(SEQ_EMPLOYEE_ID.nextval,'FM0000000'),'DEP03','粒狸',
0912345678,'Limberger3@gmail.com','123456',1);
INSERT INTO employee (emp_id, dep_no, emp_name,  emp_phone,
    emp_email, emp_password, emp_status) 
VALUES ('EMP'||TO_CHAR(SEQ_EMPLOYEE_ID.nextval,'FM0000000'),'DEP01','貝里歐',
0912345678,'Limberger4@gmail.com','123456',1);
INSERT INTO employee (emp_id, dep_no, emp_name,  emp_phone,
    emp_email, emp_password, emp_status) 
VALUES ('EMP'||TO_CHAR(SEQ_EMPLOYEE_ID.nextval,'FM0000000'),'DEP02','貝莉可',
0912345678,'Limberger5@gmail.com','123456',1);
INSERT INTO employee (emp_id, dep_no, emp_name,  emp_phone,
    emp_email, emp_password, emp_status) 
VALUES ('EMP'||TO_CHAR(SEQ_EMPLOYEE_ID.nextval,'FM0000000'),'DEP03','西施惠',
0912345678,'Limberger6@gmail.com','123456',1);
INSERT INTO employee (emp_id, dep_no, emp_name,  emp_phone,
    emp_email, emp_password, emp_status) 
VALUES ('EMP'||TO_CHAR(SEQ_EMPLOYEE_ID.nextval,'FM0000000'),'DEP01','傅達',
0912345678,'Limberger7@gmail.com','123456',0);
INSERT INTO employee (emp_id, dep_no, emp_name,  emp_phone,
    emp_email, emp_password, emp_status) 
VALUES ('EMP'||TO_CHAR(SEQ_EMPLOYEE_ID.nextval,'FM0000000'),'DEP02','老闆',
0912345678,'Limberger8@gmail.com','123456',0);
INSERT INTO employee (emp_id, dep_no, emp_name,  emp_phone,
    emp_email, emp_password, emp_status) 
VALUES ('EMP'||TO_CHAR(SEQ_EMPLOYEE_ID.nextval,'FM0000000'),'DEP03','絹兒',
0912345678,'Limberger9@gmail.com','123456',0);
INSERT INTO employee (emp_id, dep_no, emp_name,  emp_phone,
    emp_email, emp_password, emp_status) 
VALUES ('EMP'||TO_CHAR(SEQ_EMPLOYEE_ID.nextval,'FM0000000'),'DEP03','麻兒',
0912345678,'Limberger10@gmail.com','123456',0);
INSERT INTO employee (emp_id, dep_no, emp_name,  emp_phone,
    emp_email, emp_password, emp_status) 
VALUES ('EMP'||TO_CHAR(SEQ_EMPLOYEE_ID.nextval,'FM0000000'),'DEP03','麻兒',
0912345678,'Limberger11@gmail.com','123456',0);
INSERT INTO employee (emp_id, dep_no, emp_name,  emp_phone,
    emp_email, emp_password, emp_status) 
VALUES ('EMP'||TO_CHAR(SEQ_EMPLOYEE_ID.nextval,'FM0000000'),'DEP03','麻兒',
0912345678,'Limberger12@gmail.com','123456',0);
INSERT INTO employee (emp_id, dep_no, emp_name,  emp_phone,
    emp_email, emp_password, emp_status) 
VALUES ('EMP'||TO_CHAR(SEQ_EMPLOYEE_ID.nextval,'FM0000000'),'DEP03','麻兒',
0912345678,'Limberger13@gmail.com','123456',0);
INSERT INTO employee (emp_id, dep_no, emp_name,  emp_phone,
    emp_email, emp_password, emp_status) 
VALUES ('EMP'||TO_CHAR(SEQ_EMPLOYEE_ID.nextval,'FM0000000'),'DEP03','麻兒',
0912345678,'Limberger14@gmail.com','123456',0);
INSERT INTO employee (emp_id, dep_no, emp_name,  emp_phone,
    emp_email, emp_password, emp_status) 
VALUES ('EMP'||TO_CHAR(SEQ_EMPLOYEE_ID.nextval,'FM0000000'),'DEP03','麻兒',
0912345678,'Limberger15@gmail.com','123456',0);

------------------------------------------------------------------------------------------------------------
--功能
DROP SEQUENCE SEQ_FEATURE;
CREATE SEQUENCE SEQ_FEATURE;
INSERT INTO FEATURE (FEAT_NO, FEAT_NAME) 
VALUES ( 'F'||TO_CHAR(SEQ_FEATURE.NEXTVAL,'FM0000'), '首頁管理');
INSERT INTO FEATURE (FEAT_NO, FEAT_NAME) 
VALUES ( 'F'||TO_CHAR(SEQ_FEATURE.NEXTVAL,'FM0000'), '房務管理');
INSERT INTO FEATURE (FEAT_NO, FEAT_NAME) 
VALUES ( 'F'||TO_CHAR(SEQ_FEATURE.NEXTVAL,'FM0000'), '訂房管理');
INSERT INTO FEATURE (FEAT_NO, FEAT_NAME) 
VALUES ( 'F'||TO_CHAR(SEQ_FEATURE.NEXTVAL,'FM0000'), '訂餐管理');
INSERT INTO FEATURE (FEAT_NO, FEAT_NAME) 
VALUES ( 'F'||TO_CHAR(SEQ_FEATURE.NEXTVAL,'FM0000'), '會員管理');
INSERT INTO FEATURE (FEAT_NO, FEAT_NAME) 
VALUES ( 'F'||TO_CHAR(SEQ_FEATURE.NEXTVAL,'FM0000'), '雇員管理');
INSERT INTO FEATURE (FEAT_NO, FEAT_NAME) 
VALUES ( 'F'||TO_CHAR(SEQ_FEATURE.NEXTVAL,'FM0000'), '檢舉管理');
INSERT INTO FEATURE (FEAT_NO, FEAT_NAME) 
VALUES ( 'F'||TO_CHAR(SEQ_FEATURE.NEXTVAL,'FM0000'), '日誌管理');
INSERT INTO FEATURE (FEAT_NO, FEAT_NAME) 
VALUES ( 'F'||TO_CHAR(SEQ_FEATURE.NEXTVAL,'FM0000'), '線上客服');
INSERT INTO FEATURE (FEAT_NO, FEAT_NAME) 
VALUES ( 'F'||TO_CHAR(SEQ_FEATURE.NEXTVAL,'FM0000'), '分析');
------------------------------------------------------------------------------------------------------------
--員工權限
INSERT INTO emp_authority ( emp_id, FEAT_NO) 
VALUES ('EMP0000001','F0001');
INSERT INTO emp_authority ( emp_id, FEAT_NO) 
VALUES ('EMP0000001','F0002');
INSERT INTO emp_authority ( emp_id, FEAT_NO) 
VALUES ('EMP0000001','F0003');
INSERT INTO emp_authority ( emp_id, FEAT_NO) 
VALUES ('EMP0000001','F0004');
INSERT INTO emp_authority ( emp_id, FEAT_NO) 
VALUES ('EMP0000001','F0005');
INSERT INTO emp_authority ( emp_id, FEAT_NO) 
VALUES ('EMP0000001','F0006');
INSERT INTO emp_authority ( emp_id, FEAT_NO) 
VALUES ('EMP0000001','F0007');
INSERT INTO emp_authority ( emp_id, FEAT_NO) 
VALUES ('EMP0000001','F0008');
INSERT INTO emp_authority ( emp_id, FEAT_NO) 
VALUES ('EMP0000001','F0009');
INSERT INTO emp_authority ( emp_id, FEAT_NO) 
VALUES ('EMP0000001','F0010');

INSERT INTO emp_authority ( emp_id, FEAT_NO) 
VALUES ('EMP0000002','F0001');
INSERT INTO emp_authority ( emp_id, FEAT_NO) 
VALUES ('EMP0000003','F0002');
INSERT INTO emp_authority ( emp_id, FEAT_NO) 
VALUES ('EMP0000004','F0003');
INSERT INTO emp_authority ( emp_id, FEAT_NO) 
VALUES ('EMP0000005','F0004');
INSERT INTO emp_authority ( emp_id, FEAT_NO) 
VALUES ('EMP0000006','F0001');
INSERT INTO emp_authority ( emp_id, FEAT_NO) 
VALUES ('EMP0000007','F0008');
INSERT INTO emp_authority ( emp_id, FEAT_NO) 
VALUES ('EMP0000008','F0001');
INSERT INTO emp_authority ( emp_id, FEAT_NO) 
VALUES ('EMP0000009','F0001');
INSERT INTO emp_authority ( emp_id, FEAT_NO) 
VALUES ('EMP0000010','F0010');
------------------------------------------------------------------------------------------------------------
--房型
DROP SEQUENCE SEQ_ROOM_TYPE_NO;
CREATE SEQUENCE SEQ_ROOM_TYPE_NO;

INSERT INTO room_type (room_type_no, room_type_name, article, quantity,
person_capacity, add_people, price, HOLIDAY_PRICE, WORKINGDAY_PRICE,  total_people) 
VALUES ('RT'||TO_CHAR(SEQ_ROOM_TYPE_NO.NEXTVAL,'FM000'), '豪華雙人房',
    '超豪華，反正就是超豪華', 10, 2, 1,  3000, 2500,2000,  3);

INSERT INTO room_type (room_type_no,room_type_name,article,quantity,
    person_capacity, add_people, price, HOLIDAY_PRICE, WORKINGDAY_PRICE, total_people) 
VALUES (('RT'||TO_CHAR(SEQ_ROOM_TYPE_NO.NEXTVAL,'FM000')) ,'陽光雙人房','舒適小甜蜜',5,2,1,2000, 1500,1800 , 3);

INSERT INTO room_type (room_type_no,room_type_name,article,quantity,
    person_capacity, add_people, price, HOLIDAY_PRICE, WORKINGDAY_PRICE, total_people) 
VALUES (('RT'||TO_CHAR(SEQ_ROOM_TYPE_NO.NEXTVAL,'FM000')) ,'碧水雙床房','舒適但不怎麼甜蜜',5,2,0,2000, 1800, 1500,2);

INSERT INTO room_type (room_type_no,room_type_name,article,quantity,
    person_capacity, add_people, price, HOLIDAY_PRICE, WORKINGDAY_PRICE, total_people) 
VALUES (('RT'||TO_CHAR(SEQ_ROOM_TYPE_NO.NEXTVAL,'FM000')) ,'椰林雙人房','來點不一樣的浪漫?',8,2,0,3000, 2500, 2000, 2);

INSERT INTO room_type (room_type_no,room_type_name,article,quantity,
    person_capacity, add_people, price, HOLIDAY_PRICE, WORKINGDAY_PRICE, total_people) 
VALUES (('RT'||TO_CHAR(SEQ_ROOM_TYPE_NO.NEXTVAL,'FM000')) ,'珊瑚四人房','微風徐徐',10,4,2,4000,3500, 3000, 6);  

INSERT INTO room_type (room_type_no,room_type_name,article,quantity,
    person_capacity, add_people, price, HOLIDAY_PRICE, WORKINGDAY_PRICE, total_people) 
VALUES (('RT'||TO_CHAR(SEQ_ROOM_TYPE_NO.NEXTVAL,'FM000')) ,'輕舟四床房','狂風陣陣',15,4,2,6000,5000, 4500, 6);  

INSERT INTO room_type (room_type_no,room_type_name,article,quantity,
    person_capacity, add_people, price, HOLIDAY_PRICE, WORKINGDAY_PRICE, total_people) 
VALUES (('RT'||TO_CHAR(SEQ_ROOM_TYPE_NO.NEXTVAL,'FM000')) ,'漁火單人房','微風徐徐',20,1,0,1500, 1300,1000, 1);  

INSERT INTO room_type (room_type_no,room_type_name,article,quantity,
    person_capacity, add_people, price, HOLIDAY_PRICE, WORKINGDAY_PRICE, total_people) 
VALUES (('RT'||TO_CHAR(SEQ_ROOM_TYPE_NO.NEXTVAL,'FM000')) ,'白帆單人房','微風徐徐徐徐',20,1,0,1800, 1500,1000 , 1);  


INSERT INTO room_type (room_type_no,room_type_name,article,quantity,
    person_capacity, add_people, price, HOLIDAY_PRICE, WORKINGDAY_PRICE, total_people) 
VALUES (('RT'||TO_CHAR(SEQ_ROOM_TYPE_NO.NEXTVAL,'FM000')) ,'船歌三床房','微風徐徐',12,3,1,4000, 3500,3000 , 4);  

INSERT INTO room_type (room_type_no,room_type_name,article,quantity,
    person_capacity, add_people, price, HOLIDAY_PRICE, WORKINGDAY_PRICE, total_people) 
VALUES (('RT'||TO_CHAR(SEQ_ROOM_TYPE_NO.NEXTVAL,'FM000')) ,'流雲三人房','微風徐徐徐徐',15,3,0,4000, 3000,2500 , 3);


INSERT INTO room_type (room_type_no,room_type_name,article,quantity,
    person_capacity, add_people, price, HOLIDAY_PRICE, WORKINGDAY_PRICE, total_people) 
VALUES (('RT'||TO_CHAR(SEQ_ROOM_TYPE_NO.NEXTVAL,'FM000')) ,'星河五人房','5微風徐徐5',5,5,1,5000, 4500, 4000, 6);  

INSERT INTO room_type (room_type_no,room_type_name,article,quantity,
    person_capacity, add_people, price, HOLIDAY_PRICE, WORKINGDAY_PRICE, total_people) 
VALUES (('RT'||TO_CHAR(SEQ_ROOM_TYPE_NO.NEXTVAL,'FM000')) ,'觀瀾五人房','微風徐徐徐徐',10,5,0,5500, 5000,4500 , 5);

INSERT INTO room_type (room_type_no,room_type_name,article,quantity,
    person_capacity, add_people, price, HOLIDAY_PRICE, WORKINGDAY_PRICE, total_people) 
VALUES (('RT'||TO_CHAR(SEQ_ROOM_TYPE_NO.NEXTVAL,'FM000')) ,'晨曦六床房','微風徐徐',10,6,0,6000,5500,4500 , 6);  

INSERT INTO room_type (room_type_no,room_type_name,article,quantity,
    person_capacity, add_people, price, HOLIDAY_PRICE, WORKINGDAY_PRICE, total_people) 
VALUES (('RT'||TO_CHAR(SEQ_ROOM_TYPE_NO.NEXTVAL,'FM000')) ,'披星六人房','微風徐徐徐徐',15,6,0,8000, 7000,6000 ,  6);


--SELECT COUNT(*) FROM ROOM_TYPE;
DROP SEQUENCE SEQ_ROOM_TYPE_PIC_NO;
CREATE SEQUENCE SEQ_ROOM_TYPE_PIC_NO;

------------------------------------------------------------------------------------------------------------
--訂房訂單
--SELECT TO_CHAR(SYSDATE)FROM DUAL;
DROP SEQUENCE SEQ_B_ORDER_NO;
CREATE SEQUENCE SEQ_B_ORDER_NO;
--正確應該要寫這種流水號，因為餵假資料的關係先用死的資料
--INSERT INTO booking_order_master 
--    ( b_order_no, cus_id, total_price,start_date, end_date, status) 
--    VALUES ('BM-'||TO_CHAR(SYSDATE,'YYYYMMDD')||'-'||TO_CHAR(SEQ_B_ORDER_NO.NEXTVAL,'FM000'),'CUS0000001',7864,'2020-05-01','2020-05-02',0);

Insert into BOOKING_ORDER_MASTER (B_ORDER_NO,CUS_ID,TOTAL_PRICE,START_DATE,END_DATE,STATUS) 
    values ('BM-20200321-001','CUS0000001',7864,to_date('2020-05-01','yyyy-mm-dd'),to_date('2020-05-02','yyyy-mm-dd'),0);
Insert into BOOKING_ORDER_MASTER (B_ORDER_NO,CUS_ID,TOTAL_PRICE,START_DATE,END_DATE,STATUS) 
    values ('BM-20200321-002','CUS0000002',8752,to_date('2020-04-29','yyyy-mm-dd'),to_date('2020-04-30','yyyy-mm-dd'),0);
Insert into BOOKING_ORDER_MASTER (B_ORDER_NO,CUS_ID,TOTAL_PRICE,START_DATE,END_DATE,STATUS) 
    values ('BM-20200321-003','CUS0000002',10252,'2020-05-04','2020-05-05',2);
Insert into BOOKING_ORDER_MASTER (B_ORDER_NO,CUS_ID,TOTAL_PRICE,START_DATE,END_DATE,STATUS) 
    values ('BM-20200321-004','CUS0000003',19128,'2020-05-04','2020-05-07',3);
Insert into BOOKING_ORDER_MASTER (B_ORDER_NO,CUS_ID,TOTAL_PRICE,START_DATE,END_DATE,STATUS) 
    values ('BM-20200321-005','CUS0000003',8064,'2020-05-05','2020-05-08',3);
Insert into BOOKING_ORDER_MASTER (B_ORDER_NO,CUS_ID,TOTAL_PRICE,START_DATE,END_DATE,STATUS) 
    values ('BM-20200321-006','CUS0000003',8752,'2020-05-06','2020-05-08',2);
Insert into BOOKING_ORDER_MASTER (B_ORDER_NO,CUS_ID,TOTAL_PRICE,START_DATE,END_DATE,STATUS) 
    values ('BM-20200321-007','CUS0000003',10128,'2020-05-07','2020-05-10',2);
Insert into BOOKING_ORDER_MASTER (B_ORDER_NO,CUS_ID,TOTAL_PRICE,START_DATE,END_DATE,STATUS) 
    values ('BM-20200321-008','CUS0000003',2688,'2020-05-04','2020-05-05',3);
Insert into BOOKING_ORDER_MASTER (B_ORDER_NO,CUS_ID,TOTAL_PRICE,START_DATE,END_DATE,STATUS) 
    values ('BM-20200321-009','CUS0000003',10128,'2020-05-05','2020-05-08',0);
Insert into BOOKING_ORDER_MASTER (B_ORDER_NO,CUS_ID,TOTAL_PRICE,START_DATE,END_DATE,STATUS) 
    values ('BM-20200321-010','CUS0000003',3376,'2020-05-06','2020-05-07',0);
Insert into BOOKING_ORDER_MASTER (B_ORDER_NO,CUS_ID,TOTAL_PRICE,START_DATE,END_DATE,STATUS) 
    values ('BM-20200321-011','CUS0000003',4376,'2020-05-07','2020-05-09',0);
Insert into BOOKING_ORDER_MASTER (B_ORDER_NO,CUS_ID,TOTAL_PRICE,START_DATE,END_DATE,STATUS) 
    values ('BM-20200321-012','CUS0000003',10128,'2020-05-08','2020-05-11',0);
Insert into BOOKING_ORDER_MASTER (B_ORDER_NO,CUS_ID,TOTAL_PRICE,START_DATE,END_DATE,STATUS) 
    values ('BM-20200321-013','CUS0000003',7752,'2020-05-07','2020-05-09',0);
Insert into BOOKING_ORDER_MASTER (B_ORDER_NO,CUS_ID,TOTAL_PRICE,START_DATE,END_DATE,STATUS) 
    values ('BM-20200321-014','CUS0000003',5376,'2020-05-10','2020-05-12',0);
Insert into BOOKING_ORDER_MASTER (B_ORDER_NO,CUS_ID,TOTAL_PRICE,START_DATE,END_DATE,STATUS) 
    values ('BM-20200321-015','CUS0000003',6564,'2020-05-11','2020-05-14',0);
Insert into BOOKING_ORDER_MASTER (B_ORDER_NO,CUS_ID,TOTAL_PRICE,START_DATE,END_DATE,STATUS) 
    values ('BM-20200321-016','CUS0000003',1688,'2020-05-09','2020-05-10',0);
Insert into BOOKING_ORDER_MASTER (B_ORDER_NO,CUS_ID,TOTAL_PRICE,START_DATE,END_DATE,STATUS) 
    values ('BM-20200321-017','CUS0000003',5376,'2020-05-11','2020-05-13',0);
Insert into BOOKING_ORDER_MASTER (B_ORDER_NO,CUS_ID,TOTAL_PRICE,START_DATE,END_DATE,STATUS) 
    values ('BM-20200321-018','CUS0000003',10128,'2020-05-06','2020-05-09',0);
Insert into BOOKING_ORDER_MASTER (B_ORDER_NO,CUS_ID,TOTAL_PRICE,START_DATE,END_DATE,STATUS) 
    values ('BM-20200321-019','CUS0000003',4376,'2020-05-04','2020-05-06',0);


------------------------------------------------------------------------------------------------------------
--訂房明細

INSERT INTO BOOKING_ORDER_DETAIL (B_ORDER_NO, ROOM_TYPE_NO, QUANTITY, TOTAL_ADD_PEOPLE, PRICE) 
VALUES ('BM-20200321-004','RT004',1,0,10128);

INSERT INTO BOOKING_ORDER_DETAIL (B_ORDER_NO, ROOM_TYPE_NO, QUANTITY, TOTAL_ADD_PEOPLE, PRICE) 
VALUES ('BM-20200321-001','RT002',3,2,6064);

INSERT INTO BOOKING_ORDER_DETAIL (B_ORDER_NO, ROOM_TYPE_NO, QUANTITY, TOTAL_ADD_PEOPLE, PRICE) 
VALUES ('BM-20200321-001','RT003',1,0,1800);

INSERT INTO BOOKING_ORDER_DETAIL (B_ORDER_NO, ROOM_TYPE_NO, QUANTITY, TOTAL_ADD_PEOPLE, PRICE) 
VALUES ('BM-20200321-002','RT004',2,4,8752);

INSERT INTO BOOKING_ORDER_DETAIL (B_ORDER_NO, ROOM_TYPE_NO, QUANTITY, TOTAL_ADD_PEOPLE, PRICE) 
VALUES ('BM-20200321-003','RT002',2,1,3876);

INSERT INTO BOOKING_ORDER_DETAIL (B_ORDER_NO, ROOM_TYPE_NO, QUANTITY, TOTAL_ADD_PEOPLE, PRICE) 
VALUES ('BM-20200321-003','RT001',1,0,3000);

INSERT INTO BOOKING_ORDER_DETAIL (B_ORDER_NO, ROOM_TYPE_NO, QUANTITY, TOTAL_ADD_PEOPLE, PRICE) 
VALUES ('BM-20200321-003','RT003',1,0,3376);

INSERT INTO BOOKING_ORDER_DETAIL (B_ORDER_NO, ROOM_TYPE_NO, QUANTITY, TOTAL_ADD_PEOPLE, PRICE) 
VALUES ('BM-20200321-004','RT001',1,0,9000);

INSERT INTO BOOKING_ORDER_DETAIL (B_ORDER_NO, ROOM_TYPE_NO, QUANTITY, TOTAL_ADD_PEOPLE, PRICE) 
VALUES ('BM-20200321-005','RT002',1,2,8064);

INSERT INTO BOOKING_ORDER_DETAIL (B_ORDER_NO, ROOM_TYPE_NO, QUANTITY, TOTAL_ADD_PEOPLE, PRICE) 
VALUES ('BM-20200321-006','RT004',2,2,8752);

INSERT INTO BOOKING_ORDER_DETAIL (B_ORDER_NO, ROOM_TYPE_NO, QUANTITY, TOTAL_ADD_PEOPLE, PRICE) 
VALUES ('BM-20200321-007','RT004',1,0,10128);

INSERT INTO BOOKING_ORDER_DETAIL (B_ORDER_NO, ROOM_TYPE_NO, QUANTITY, TOTAL_ADD_PEOPLE, PRICE) 
VALUES ('BM-20200321-008','RT002',2,2,2688);

INSERT INTO BOOKING_ORDER_DETAIL (B_ORDER_NO, ROOM_TYPE_NO, QUANTITY, TOTAL_ADD_PEOPLE, PRICE) 
VALUES ('BM-20200321-009','RT004',2,0,10128);

INSERT INTO BOOKING_ORDER_DETAIL (B_ORDER_NO, ROOM_TYPE_NO, QUANTITY, TOTAL_ADD_PEOPLE, PRICE) 
VALUES ('BM-20200321-010','RT004',1,0,3376);

INSERT INTO BOOKING_ORDER_DETAIL (B_ORDER_NO, ROOM_TYPE_NO, QUANTITY, TOTAL_ADD_PEOPLE, PRICE) 
VALUES ('BM-20200321-011','RT002',2,1,4376);

INSERT INTO BOOKING_ORDER_DETAIL (B_ORDER_NO, ROOM_TYPE_NO, QUANTITY, TOTAL_ADD_PEOPLE, PRICE) 
VALUES ('BM-20200321-012','RT004',1,0,10128);

INSERT INTO BOOKING_ORDER_DETAIL (B_ORDER_NO, ROOM_TYPE_NO, QUANTITY, TOTAL_ADD_PEOPLE, PRICE) 
VALUES ('BM-20200321-013','RT004',2,1,7752);

INSERT INTO BOOKING_ORDER_DETAIL (B_ORDER_NO, ROOM_TYPE_NO, QUANTITY, TOTAL_ADD_PEOPLE, PRICE) 
VALUES ('BM-20200321-014','RT002',2,2,5376);

INSERT INTO BOOKING_ORDER_DETAIL (B_ORDER_NO, ROOM_TYPE_NO, QUANTITY, TOTAL_ADD_PEOPLE, PRICE) 
VALUES ('BM-20200321-015','RT002',1,1,6564);

INSERT INTO BOOKING_ORDER_DETAIL (B_ORDER_NO, ROOM_TYPE_NO, QUANTITY, TOTAL_ADD_PEOPLE, PRICE) 
VALUES ('BM-20200321-016','RT002',2,0,1688);

INSERT INTO BOOKING_ORDER_DETAIL (B_ORDER_NO, ROOM_TYPE_NO, QUANTITY, TOTAL_ADD_PEOPLE, PRICE) 
VALUES ('BM-20200321-017','RT002',1,2,5376);

INSERT INTO BOOKING_ORDER_DETAIL (B_ORDER_NO, ROOM_TYPE_NO, QUANTITY, TOTAL_ADD_PEOPLE, PRICE) 
VALUES ('BM-20200321-018','RT004',2,0,10128);

INSERT INTO BOOKING_ORDER_DETAIL (B_ORDER_NO, ROOM_TYPE_NO, QUANTITY, TOTAL_ADD_PEOPLE, PRICE) 
VALUES ('BM-20200321-019','RT002',1,1,4376);
------------------------------------------------------------------------------------------------------------
--
DROP SEQUENCE SEQ_ROOM_TYPE_REV_NO;
CREATE SEQUENCE SEQ_ROOM_TYPE_REV_NO;
INSERT INTO room_type_rev (room_type_rev_no, room_type_no, rev) 
VALUES ('RTRV'||TO_CHAR(SEQ_ROOM_TYPE_REV_NO.NEXTVAL,'FM000000'),
'RT001','真的蠻豪華的');
------------------------------------------------------------------------------------
--訂房把優惠訂好之後，到底要怎麼自動判斷優惠啊?
DROP SEQUENCE SEQ_SALEPLAN;
CREATE SEQUENCE SEQ_SALEPLAN;
INSERT INTO SALEPLAN (sapl_no,sapl_name,detail,start_date, end_date, sapl_discount,status) 
VALUES ('SALP'||TO_CHAR(SEQ_SALEPLAN.NEXTVAL,'FM0000'),'春季優惠','雙人房一律9折',
    '2020-05-20',to_date('2020-05-22', 'yyyy-mm-dd'),0.9,1);
INSERT INTO SALEPLAN (sapl_no,sapl_name,detail,start_date,
                    end_date, sapl_discount,status) 
VALUES ('SALP'||TO_CHAR(SEQ_SALEPLAN.NEXTVAL,'FM0000'),'六月底優惠','四人房一律8折',
    '2020-05-25',to_date('2020-05-27', 'yyyy-mm-dd'),0.8,1);
---------------------------------------------------------------------
--房型優惠明細
INSERT INTO SALE_ORDER_DETAIL 
( room_type_no, sapl_no) 
VALUES ('RT001', 'SALP0001');
INSERT INTO SALE_ORDER_DETAIL 
( room_type_no, sapl_no) 
VALUES ('RT002', 'SALP0001');
INSERT INTO SALE_ORDER_DETAIL 
( room_type_no, sapl_no) 
VALUES ('RT003', 'SALP0001');
INSERT INTO SALE_ORDER_DETAIL 
( room_type_no, sapl_no) 
VALUES ('RT004', 'SALP0001');
INSERT INTO SALE_ORDER_DETAIL 
( room_type_no, sapl_no) 
VALUES ('RT005', 'SALP0002');
INSERT INTO SALE_ORDER_DETAIL 
( room_type_no, sapl_no) 
VALUES ('RT006', 'SALP0002');
------------------------------------------------------------------
--房間
DROP SEQUENCE SEQ_ROOM_ID;
CREATE SEQUENCE SEQ_ROOM_ID;

INSERT INTO ROOM ( room_id, room_type_no, room_no) VALUES ('RM'||TO_CHAR(SEQ_ROOM_ID.NEXTVAL,'FM000'),'RT001','101');
INSERT INTO ROOM ( room_id, room_type_no, room_no) VALUES ('RM'||TO_CHAR(SEQ_ROOM_ID.NEXTVAL,'FM000'),'RT001','102');
INSERT INTO ROOM ( room_id, room_type_no, room_no) VALUES ('RM'||TO_CHAR(SEQ_ROOM_ID.NEXTVAL,'FM000'),'RT001','103');
INSERT INTO ROOM ( room_id, room_type_no, room_no) VALUES ('RM'||TO_CHAR(SEQ_ROOM_ID.NEXTVAL,'FM000'),'RT001','104');
INSERT INTO ROOM ( room_id, room_type_no, room_no) VALUES ('RM'||TO_CHAR(SEQ_ROOM_ID.NEXTVAL,'FM000'),'RT001','105');
INSERT INTO ROOM ( room_id, room_type_no, room_no) VALUES ('RM'||TO_CHAR(SEQ_ROOM_ID.NEXTVAL,'FM000'),'RT001','106');
INSERT INTO ROOM ( room_id, room_type_no, room_no) VALUES ('RM'||TO_CHAR(SEQ_ROOM_ID.NEXTVAL,'FM000'),'RT001','107');
INSERT INTO ROOM ( room_id, room_type_no, room_no) VALUES ('RM'||TO_CHAR(SEQ_ROOM_ID.NEXTVAL,'FM000'),'RT001','108');
INSERT INTO ROOM ( room_id, room_type_no, room_no) VALUES ('RM'||TO_CHAR(SEQ_ROOM_ID.NEXTVAL,'FM000'),'RT001','109');
INSERT INTO ROOM ( room_id, room_type_no, room_no) VALUES ('RM'||TO_CHAR(SEQ_ROOM_ID.NEXTVAL,'FM000'),'RT001','110');

INSERT INTO ROOM ( room_id, room_type_no, room_no) VALUES ('RM'||TO_CHAR(SEQ_ROOM_ID.NEXTVAL,'FM000'),'RT002','111');
INSERT INTO ROOM ( room_id, room_type_no, room_no) VALUES ('RM'||TO_CHAR(SEQ_ROOM_ID.NEXTVAL,'FM000'),'RT002','112');
INSERT INTO ROOM ( room_id, room_type_no, room_no) VALUES ('RM'||TO_CHAR(SEQ_ROOM_ID.NEXTVAL,'FM000'),'RT002','113');
INSERT INTO ROOM ( room_id, room_type_no, room_no) VALUES ('RM'||TO_CHAR(SEQ_ROOM_ID.NEXTVAL,'FM000'),'RT002','114');
INSERT INTO ROOM ( room_id, room_type_no, room_no) VALUES ('RM'||TO_CHAR(SEQ_ROOM_ID.NEXTVAL,'FM000'),'RT002','115');

INSERT INTO ROOM ( room_id, room_type_no, room_no) VALUES ('RM'||TO_CHAR(SEQ_ROOM_ID.NEXTVAL,'FM000'),'RT003','116');
INSERT INTO ROOM ( room_id, room_type_no, room_no) VALUES ('RM'||TO_CHAR(SEQ_ROOM_ID.NEXTVAL,'FM000'),'RT003','117');
INSERT INTO ROOM ( room_id, room_type_no, room_no) VALUES ('RM'||TO_CHAR(SEQ_ROOM_ID.NEXTVAL,'FM000'),'RT003','118');
INSERT INTO ROOM ( room_id, room_type_no, room_no) VALUES ('RM'||TO_CHAR(SEQ_ROOM_ID.NEXTVAL,'FM000'),'RT003','119');
INSERT INTO ROOM ( room_id, room_type_no, room_no) VALUES ('RM'||TO_CHAR(SEQ_ROOM_ID.NEXTVAL,'FM000'),'RT003','120');
INSERT INTO ROOM ( room_id, room_type_no, room_no) VALUES ('RM'||TO_CHAR(SEQ_ROOM_ID.NEXTVAL,'FM000'),'RT004','201');
INSERT INTO ROOM ( room_id, room_type_no, room_no) VALUES ('RM'||TO_CHAR(SEQ_ROOM_ID.NEXTVAL,'FM000'),'RT004','202');
INSERT INTO ROOM ( room_id, room_type_no, room_no) VALUES ('RM'||TO_CHAR(SEQ_ROOM_ID.NEXTVAL,'FM000'),'RT004','203');
INSERT INTO ROOM ( room_id, room_type_no, room_no) VALUES ('RM'||TO_CHAR(SEQ_ROOM_ID.NEXTVAL,'FM000'),'RT004','204');
INSERT INTO ROOM ( room_id, room_type_no, room_no) VALUES ('RM'||TO_CHAR(SEQ_ROOM_ID.NEXTVAL,'FM000'),'RT004','205');
INSERT INTO ROOM ( room_id, room_type_no, room_no) VALUES ('RM'||TO_CHAR(SEQ_ROOM_ID.NEXTVAL,'FM000'),'RT004','206');
INSERT INTO ROOM ( room_id, room_type_no, room_no) VALUES ('RM'||TO_CHAR(SEQ_ROOM_ID.NEXTVAL,'FM000'),'RT004','207');
INSERT INTO ROOM ( room_id, room_type_no, room_no) VALUES ('RM'||TO_CHAR(SEQ_ROOM_ID.NEXTVAL,'FM000'),'RT004','208');
INSERT INTO ROOM ( room_id, room_type_no, room_no) VALUES ('RM'||TO_CHAR(SEQ_ROOM_ID.NEXTVAL,'FM000'),'RT005','209');
INSERT INTO ROOM ( room_id, room_type_no, room_no) VALUES ('RM'||TO_CHAR(SEQ_ROOM_ID.NEXTVAL,'FM000'),'RT005','210');
INSERT INTO ROOM ( room_id, room_type_no, room_no) VALUES ('RM'||TO_CHAR(SEQ_ROOM_ID.NEXTVAL,'FM000'),'RT005','211');
INSERT INTO ROOM ( room_id, room_type_no, room_no) VALUES ('RM'||TO_CHAR(SEQ_ROOM_ID.NEXTVAL,'FM000'),'RT005','212');
INSERT INTO ROOM ( room_id, room_type_no, room_no) VALUES ('RM'||TO_CHAR(SEQ_ROOM_ID.NEXTVAL,'FM000'),'RT005','213');
INSERT INTO ROOM ( room_id, room_type_no, room_no) VALUES ('RM'||TO_CHAR(SEQ_ROOM_ID.NEXTVAL,'FM000'),'RT005','214');
INSERT INTO ROOM ( room_id, room_type_no, room_no) VALUES ('RM'||TO_CHAR(SEQ_ROOM_ID.NEXTVAL,'FM000'),'RT005','215');
INSERT INTO ROOM ( room_id, room_type_no, room_no) VALUES ('RM'||TO_CHAR(SEQ_ROOM_ID.NEXTVAL,'FM000'),'RT005','216');
INSERT INTO ROOM ( room_id, room_type_no, room_no) VALUES ('RM'||TO_CHAR(SEQ_ROOM_ID.NEXTVAL,'FM000'),'RT005','217');
INSERT INTO ROOM ( room_id, room_type_no, room_no) VALUES ('RM'||TO_CHAR(SEQ_ROOM_ID.NEXTVAL,'FM000'),'RT005','218');
INSERT INTO ROOM ( room_id, room_type_no, room_no) VALUES ('RM'||TO_CHAR(SEQ_ROOM_ID.NEXTVAL,'FM000'),'RT006','219');
INSERT INTO ROOM ( room_id, room_type_no, room_no) VALUES ('RM'||TO_CHAR(SEQ_ROOM_ID.NEXTVAL,'FM000'),'RT006','220');
INSERT INTO ROOM ( room_id, room_type_no, room_no) VALUES ('RM'||TO_CHAR(SEQ_ROOM_ID.NEXTVAL,'FM000'),'RT006','301');
INSERT INTO ROOM ( room_id, room_type_no, room_no) VALUES ('RM'||TO_CHAR(SEQ_ROOM_ID.NEXTVAL,'FM000'),'RT006','302');
INSERT INTO ROOM ( room_id, room_type_no, room_no) VALUES ('RM'||TO_CHAR(SEQ_ROOM_ID.NEXTVAL,'FM000'),'RT006','303');
INSERT INTO ROOM ( room_id, room_type_no, room_no) VALUES ('RM'||TO_CHAR(SEQ_ROOM_ID.NEXTVAL,'FM000'),'RT006','304');
INSERT INTO ROOM ( room_id, room_type_no, room_no) VALUES ('RM'||TO_CHAR(SEQ_ROOM_ID.NEXTVAL,'FM000'),'RT006','305');
INSERT INTO ROOM ( room_id, room_type_no, room_no) VALUES ('RM'||TO_CHAR(SEQ_ROOM_ID.NEXTVAL,'FM000'),'RT006','306');
INSERT INTO ROOM ( room_id, room_type_no, room_no) VALUES ('RM'||TO_CHAR(SEQ_ROOM_ID.NEXTVAL,'FM000'),'RT006','307');
INSERT INTO ROOM ( room_id, room_type_no, room_no) VALUES ('RM'||TO_CHAR(SEQ_ROOM_ID.NEXTVAL,'FM000'),'RT006','308');
INSERT INTO ROOM ( room_id, room_type_no, room_no) VALUES ('RM'||TO_CHAR(SEQ_ROOM_ID.NEXTVAL,'FM000'),'RT006','309');
INSERT INTO ROOM ( room_id, room_type_no, room_no) VALUES ('RM'||TO_CHAR(SEQ_ROOM_ID.NEXTVAL,'FM000'),'RT006','310');
INSERT INTO ROOM ( room_id, room_type_no, room_no) VALUES ('RM'||TO_CHAR(SEQ_ROOM_ID.NEXTVAL,'FM000'),'RT006','311');
INSERT INTO ROOM ( room_id, room_type_no, room_no) VALUES ('RM'||TO_CHAR(SEQ_ROOM_ID.NEXTVAL,'FM000'),'RT006','312');
INSERT INTO ROOM ( room_id, room_type_no, room_no) VALUES ('RM'||TO_CHAR(SEQ_ROOM_ID.NEXTVAL,'FM000'),'RT006','313');
INSERT INTO ROOM ( room_id, room_type_no, room_no) VALUES ('RM'||TO_CHAR(SEQ_ROOM_ID.NEXTVAL,'FM000'),'RT007','314');
INSERT INTO ROOM ( room_id, room_type_no, room_no) VALUES ('RM'||TO_CHAR(SEQ_ROOM_ID.NEXTVAL,'FM000'),'RT007','315');
INSERT INTO ROOM ( room_id, room_type_no, room_no) VALUES ('RM'||TO_CHAR(SEQ_ROOM_ID.NEXTVAL,'FM000'),'RT007','316');
INSERT INTO ROOM ( room_id, room_type_no, room_no) VALUES ('RM'||TO_CHAR(SEQ_ROOM_ID.NEXTVAL,'FM000'),'RT007','317');
INSERT INTO ROOM ( room_id, room_type_no, room_no) VALUES ('RM'||TO_CHAR(SEQ_ROOM_ID.NEXTVAL,'FM000'),'RT007','318');
INSERT INTO ROOM ( room_id, room_type_no, room_no) VALUES ('RM'||TO_CHAR(SEQ_ROOM_ID.NEXTVAL,'FM000'),'RT007','319');
INSERT INTO ROOM ( room_id, room_type_no, room_no) VALUES ('RM'||TO_CHAR(SEQ_ROOM_ID.NEXTVAL,'FM000'),'RT007','320');
INSERT INTO ROOM ( room_id, room_type_no, room_no) VALUES ('RM'||TO_CHAR(SEQ_ROOM_ID.NEXTVAL,'FM000'),'RT007','401');
INSERT INTO ROOM ( room_id, room_type_no, room_no) VALUES ('RM'||TO_CHAR(SEQ_ROOM_ID.NEXTVAL,'FM000'),'RT007','402');
INSERT INTO ROOM ( room_id, room_type_no, room_no) VALUES ('RM'||TO_CHAR(SEQ_ROOM_ID.NEXTVAL,'FM000'),'RT007','403');
INSERT INTO ROOM ( room_id, room_type_no, room_no) VALUES ('RM'||TO_CHAR(SEQ_ROOM_ID.NEXTVAL,'FM000'),'RT007','404');
INSERT INTO ROOM ( room_id, room_type_no, room_no) VALUES ('RM'||TO_CHAR(SEQ_ROOM_ID.NEXTVAL,'FM000'),'RT007','405');
INSERT INTO ROOM ( room_id, room_type_no, room_no) VALUES ('RM'||TO_CHAR(SEQ_ROOM_ID.NEXTVAL,'FM000'),'RT007','406');
INSERT INTO ROOM ( room_id, room_type_no, room_no) VALUES ('RM'||TO_CHAR(SEQ_ROOM_ID.NEXTVAL,'FM000'),'RT007','407');
INSERT INTO ROOM ( room_id, room_type_no, room_no) VALUES ('RM'||TO_CHAR(SEQ_ROOM_ID.NEXTVAL,'FM000'),'RT007','408');
INSERT INTO ROOM ( room_id, room_type_no, room_no) VALUES ('RM'||TO_CHAR(SEQ_ROOM_ID.NEXTVAL,'FM000'),'RT007','409');
INSERT INTO ROOM ( room_id, room_type_no, room_no) VALUES ('RM'||TO_CHAR(SEQ_ROOM_ID.NEXTVAL,'FM000'),'RT007','410');
INSERT INTO ROOM ( room_id, room_type_no, room_no) VALUES ('RM'||TO_CHAR(SEQ_ROOM_ID.NEXTVAL,'FM000'),'RT007','411');
INSERT INTO ROOM ( room_id, room_type_no, room_no) VALUES ('RM'||TO_CHAR(SEQ_ROOM_ID.NEXTVAL,'FM000'),'RT007','412');
INSERT INTO ROOM ( room_id, room_type_no, room_no) VALUES ('RM'||TO_CHAR(SEQ_ROOM_ID.NEXTVAL,'FM000'),'RT007','413');
INSERT INTO ROOM ( room_id, room_type_no, room_no) VALUES ('RM'||TO_CHAR(SEQ_ROOM_ID.NEXTVAL,'FM000'),'RT008','414');
INSERT INTO ROOM ( room_id, room_type_no, room_no) VALUES ('RM'||TO_CHAR(SEQ_ROOM_ID.NEXTVAL,'FM000'),'RT008','415');
INSERT INTO ROOM ( room_id, room_type_no, room_no) VALUES ('RM'||TO_CHAR(SEQ_ROOM_ID.NEXTVAL,'FM000'),'RT008','416');
INSERT INTO ROOM ( room_id, room_type_no, room_no) VALUES ('RM'||TO_CHAR(SEQ_ROOM_ID.NEXTVAL,'FM000'),'RT008','417');
INSERT INTO ROOM ( room_id, room_type_no, room_no) VALUES ('RM'||TO_CHAR(SEQ_ROOM_ID.NEXTVAL,'FM000'),'RT008','418');
INSERT INTO ROOM ( room_id, room_type_no, room_no) VALUES ('RM'||TO_CHAR(SEQ_ROOM_ID.NEXTVAL,'FM000'),'RT008','419');
INSERT INTO ROOM ( room_id, room_type_no, room_no) VALUES ('RM'||TO_CHAR(SEQ_ROOM_ID.NEXTVAL,'FM000'),'RT008','420');
INSERT INTO ROOM ( room_id, room_type_no, room_no) VALUES ('RM'||TO_CHAR(SEQ_ROOM_ID.NEXTVAL,'FM000'),'RT008','501');
INSERT INTO ROOM ( room_id, room_type_no, room_no) VALUES ('RM'||TO_CHAR(SEQ_ROOM_ID.NEXTVAL,'FM000'),'RT008','502');
INSERT INTO ROOM ( room_id, room_type_no, room_no) VALUES ('RM'||TO_CHAR(SEQ_ROOM_ID.NEXTVAL,'FM000'),'RT008','503');
INSERT INTO ROOM ( room_id, room_type_no, room_no) VALUES ('RM'||TO_CHAR(SEQ_ROOM_ID.NEXTVAL,'FM000'),'RT008','504');
INSERT INTO ROOM ( room_id, room_type_no, room_no) VALUES ('RM'||TO_CHAR(SEQ_ROOM_ID.NEXTVAL,'FM000'),'RT008','505');
INSERT INTO ROOM ( room_id, room_type_no, room_no) VALUES ('RM'||TO_CHAR(SEQ_ROOM_ID.NEXTVAL,'FM000'),'RT008','506');
INSERT INTO ROOM ( room_id, room_type_no, room_no) VALUES ('RM'||TO_CHAR(SEQ_ROOM_ID.NEXTVAL,'FM000'),'RT008','507');
INSERT INTO ROOM ( room_id, room_type_no, room_no) VALUES ('RM'||TO_CHAR(SEQ_ROOM_ID.NEXTVAL,'FM000'),'RT008','508');
INSERT INTO ROOM ( room_id, room_type_no, room_no) VALUES ('RM'||TO_CHAR(SEQ_ROOM_ID.NEXTVAL,'FM000'),'RT008','509');
INSERT INTO ROOM ( room_id, room_type_no, room_no) VALUES ('RM'||TO_CHAR(SEQ_ROOM_ID.NEXTVAL,'FM000'),'RT008','510');
INSERT INTO ROOM ( room_id, room_type_no, room_no) VALUES ('RM'||TO_CHAR(SEQ_ROOM_ID.NEXTVAL,'FM000'),'RT008','511');
INSERT INTO ROOM ( room_id, room_type_no, room_no) VALUES ('RM'||TO_CHAR(SEQ_ROOM_ID.NEXTVAL,'FM000'),'RT008','512');
INSERT INTO ROOM ( room_id, room_type_no, room_no) VALUES ('RM'||TO_CHAR(SEQ_ROOM_ID.NEXTVAL,'FM000'),'RT008','513');
INSERT INTO ROOM ( room_id, room_type_no, room_no) VALUES ('RM'||TO_CHAR(SEQ_ROOM_ID.NEXTVAL,'FM000'),'RT009','514');
INSERT INTO ROOM ( room_id, room_type_no, room_no) VALUES ('RM'||TO_CHAR(SEQ_ROOM_ID.NEXTVAL,'FM000'),'RT009','515');
INSERT INTO ROOM ( room_id, room_type_no, room_no) VALUES ('RM'||TO_CHAR(SEQ_ROOM_ID.NEXTVAL,'FM000'),'RT009','516');
INSERT INTO ROOM ( room_id, room_type_no, room_no) VALUES ('RM'||TO_CHAR(SEQ_ROOM_ID.NEXTVAL,'FM000'),'RT009','517');
INSERT INTO ROOM ( room_id, room_type_no, room_no) VALUES ('RM'||TO_CHAR(SEQ_ROOM_ID.NEXTVAL,'FM000'),'RT009','518');
INSERT INTO ROOM ( room_id, room_type_no, room_no) VALUES ('RM'||TO_CHAR(SEQ_ROOM_ID.NEXTVAL,'FM000'),'RT009','519');
INSERT INTO ROOM ( room_id, room_type_no, room_no) VALUES ('RM'||TO_CHAR(SEQ_ROOM_ID.NEXTVAL,'FM000'),'RT009','520');
INSERT INTO ROOM ( room_id, room_type_no, room_no) VALUES ('RM'||TO_CHAR(SEQ_ROOM_ID.NEXTVAL,'FM000'),'RT009','601');
INSERT INTO ROOM ( room_id, room_type_no, room_no) VALUES ('RM'||TO_CHAR(SEQ_ROOM_ID.NEXTVAL,'FM000'),'RT009','602');
INSERT INTO ROOM ( room_id, room_type_no, room_no) VALUES ('RM'||TO_CHAR(SEQ_ROOM_ID.NEXTVAL,'FM000'),'RT009','603');
INSERT INTO ROOM ( room_id, room_type_no, room_no) VALUES ('RM'||TO_CHAR(SEQ_ROOM_ID.NEXTVAL,'FM000'),'RT009','604');
INSERT INTO ROOM ( room_id, room_type_no, room_no) VALUES ('RM'||TO_CHAR(SEQ_ROOM_ID.NEXTVAL,'FM000'),'RT009','605');
INSERT INTO ROOM ( room_id, room_type_no, room_no) VALUES ('RM'||TO_CHAR(SEQ_ROOM_ID.NEXTVAL,'FM000'),'RT010','606');
INSERT INTO ROOM ( room_id, room_type_no, room_no) VALUES ('RM'||TO_CHAR(SEQ_ROOM_ID.NEXTVAL,'FM000'),'RT010','607');
INSERT INTO ROOM ( room_id, room_type_no, room_no) VALUES ('RM'||TO_CHAR(SEQ_ROOM_ID.NEXTVAL,'FM000'),'RT010','608');
INSERT INTO ROOM ( room_id, room_type_no, room_no) VALUES ('RM'||TO_CHAR(SEQ_ROOM_ID.NEXTVAL,'FM000'),'RT010','609');
INSERT INTO ROOM ( room_id, room_type_no, room_no) VALUES ('RM'||TO_CHAR(SEQ_ROOM_ID.NEXTVAL,'FM000'),'RT010','610');
INSERT INTO ROOM ( room_id, room_type_no, room_no) VALUES ('RM'||TO_CHAR(SEQ_ROOM_ID.NEXTVAL,'FM000'),'RT010','611');
INSERT INTO ROOM ( room_id, room_type_no, room_no) VALUES ('RM'||TO_CHAR(SEQ_ROOM_ID.NEXTVAL,'FM000'),'RT010','612');
INSERT INTO ROOM ( room_id, room_type_no, room_no) VALUES ('RM'||TO_CHAR(SEQ_ROOM_ID.NEXTVAL,'FM000'),'RT010','613');
INSERT INTO ROOM ( room_id, room_type_no, room_no) VALUES ('RM'||TO_CHAR(SEQ_ROOM_ID.NEXTVAL,'FM000'),'RT010','614');
INSERT INTO ROOM ( room_id, room_type_no, room_no) VALUES ('RM'||TO_CHAR(SEQ_ROOM_ID.NEXTVAL,'FM000'),'RT010','615');
INSERT INTO ROOM ( room_id, room_type_no, room_no) VALUES ('RM'||TO_CHAR(SEQ_ROOM_ID.NEXTVAL,'FM000'),'RT010','616');
INSERT INTO ROOM ( room_id, room_type_no, room_no) VALUES ('RM'||TO_CHAR(SEQ_ROOM_ID.NEXTVAL,'FM000'),'RT010','617');
INSERT INTO ROOM ( room_id, room_type_no, room_no) VALUES ('RM'||TO_CHAR(SEQ_ROOM_ID.NEXTVAL,'FM000'),'RT010','618');
INSERT INTO ROOM ( room_id, room_type_no, room_no) VALUES ('RM'||TO_CHAR(SEQ_ROOM_ID.NEXTVAL,'FM000'),'RT010','619');
INSERT INTO ROOM ( room_id, room_type_no, room_no) VALUES ('RM'||TO_CHAR(SEQ_ROOM_ID.NEXTVAL,'FM000'),'RT010','620');
INSERT INTO ROOM ( room_id, room_type_no, room_no) VALUES ('RM'||TO_CHAR(SEQ_ROOM_ID.NEXTVAL,'FM000'),'RT011','701');
INSERT INTO ROOM ( room_id, room_type_no, room_no) VALUES ('RM'||TO_CHAR(SEQ_ROOM_ID.NEXTVAL,'FM000'),'RT011','702');
INSERT INTO ROOM ( room_id, room_type_no, room_no) VALUES ('RM'||TO_CHAR(SEQ_ROOM_ID.NEXTVAL,'FM000'),'RT011','703');
INSERT INTO ROOM ( room_id, room_type_no, room_no) VALUES ('RM'||TO_CHAR(SEQ_ROOM_ID.NEXTVAL,'FM000'),'RT011','704');
INSERT INTO ROOM ( room_id, room_type_no, room_no) VALUES ('RM'||TO_CHAR(SEQ_ROOM_ID.NEXTVAL,'FM000'),'RT011','705');
INSERT INTO ROOM ( room_id, room_type_no, room_no) VALUES ('RM'||TO_CHAR(SEQ_ROOM_ID.NEXTVAL,'FM000'),'RT012','706');
INSERT INTO ROOM ( room_id, room_type_no, room_no) VALUES ('RM'||TO_CHAR(SEQ_ROOM_ID.NEXTVAL,'FM000'),'RT012','707');
INSERT INTO ROOM ( room_id, room_type_no, room_no) VALUES ('RM'||TO_CHAR(SEQ_ROOM_ID.NEXTVAL,'FM000'),'RT012','708');
INSERT INTO ROOM ( room_id, room_type_no, room_no) VALUES ('RM'||TO_CHAR(SEQ_ROOM_ID.NEXTVAL,'FM000'),'RT012','709');
INSERT INTO ROOM ( room_id, room_type_no, room_no) VALUES ('RM'||TO_CHAR(SEQ_ROOM_ID.NEXTVAL,'FM000'),'RT012','710');
INSERT INTO ROOM ( room_id, room_type_no, room_no) VALUES ('RM'||TO_CHAR(SEQ_ROOM_ID.NEXTVAL,'FM000'),'RT012','711');
INSERT INTO ROOM ( room_id, room_type_no, room_no) VALUES ('RM'||TO_CHAR(SEQ_ROOM_ID.NEXTVAL,'FM000'),'RT012','712');
INSERT INTO ROOM ( room_id, room_type_no, room_no) VALUES ('RM'||TO_CHAR(SEQ_ROOM_ID.NEXTVAL,'FM000'),'RT012','713');
INSERT INTO ROOM ( room_id, room_type_no, room_no) VALUES ('RM'||TO_CHAR(SEQ_ROOM_ID.NEXTVAL,'FM000'),'RT012','714');
INSERT INTO ROOM ( room_id, room_type_no, room_no) VALUES ('RM'||TO_CHAR(SEQ_ROOM_ID.NEXTVAL,'FM000'),'RT012','715');
INSERT INTO ROOM ( room_id, room_type_no, room_no) VALUES ('RM'||TO_CHAR(SEQ_ROOM_ID.NEXTVAL,'FM000'),'RT013','716');
INSERT INTO ROOM ( room_id, room_type_no, room_no) VALUES ('RM'||TO_CHAR(SEQ_ROOM_ID.NEXTVAL,'FM000'),'RT013','717');
INSERT INTO ROOM ( room_id, room_type_no, room_no) VALUES ('RM'||TO_CHAR(SEQ_ROOM_ID.NEXTVAL,'FM000'),'RT013','718');
INSERT INTO ROOM ( room_id, room_type_no, room_no) VALUES ('RM'||TO_CHAR(SEQ_ROOM_ID.NEXTVAL,'FM000'),'RT013','719');
INSERT INTO ROOM ( room_id, room_type_no, room_no) VALUES ('RM'||TO_CHAR(SEQ_ROOM_ID.NEXTVAL,'FM000'),'RT013','720');
INSERT INTO ROOM ( room_id, room_type_no, room_no) VALUES ('RM'||TO_CHAR(SEQ_ROOM_ID.NEXTVAL,'FM000'),'RT013','801');
INSERT INTO ROOM ( room_id, room_type_no, room_no) VALUES ('RM'||TO_CHAR(SEQ_ROOM_ID.NEXTVAL,'FM000'),'RT013','802');
INSERT INTO ROOM ( room_id, room_type_no, room_no) VALUES ('RM'||TO_CHAR(SEQ_ROOM_ID.NEXTVAL,'FM000'),'RT013','803');
INSERT INTO ROOM ( room_id, room_type_no, room_no) VALUES ('RM'||TO_CHAR(SEQ_ROOM_ID.NEXTVAL,'FM000'),'RT013','804');
INSERT INTO ROOM ( room_id, room_type_no, room_no) VALUES ('RM'||TO_CHAR(SEQ_ROOM_ID.NEXTVAL,'FM000'),'RT013','805');
INSERT INTO ROOM ( room_id, room_type_no, room_no) VALUES ('RM'||TO_CHAR(SEQ_ROOM_ID.NEXTVAL,'FM000'),'RT014','806');
INSERT INTO ROOM ( room_id, room_type_no, room_no) VALUES ('RM'||TO_CHAR(SEQ_ROOM_ID.NEXTVAL,'FM000'),'RT014','807');
INSERT INTO ROOM ( room_id, room_type_no, room_no) VALUES ('RM'||TO_CHAR(SEQ_ROOM_ID.NEXTVAL,'FM000'),'RT014','808');
INSERT INTO ROOM ( room_id, room_type_no, room_no) VALUES ('RM'||TO_CHAR(SEQ_ROOM_ID.NEXTVAL,'FM000'),'RT014','809');
INSERT INTO ROOM ( room_id, room_type_no, room_no) VALUES ('RM'||TO_CHAR(SEQ_ROOM_ID.NEXTVAL,'FM000'),'RT014','810');
INSERT INTO ROOM ( room_id, room_type_no, room_no) VALUES ('RM'||TO_CHAR(SEQ_ROOM_ID.NEXTVAL,'FM000'),'RT014','811');
INSERT INTO ROOM ( room_id, room_type_no, room_no) VALUES ('RM'||TO_CHAR(SEQ_ROOM_ID.NEXTVAL,'FM000'),'RT014','812');
INSERT INTO ROOM ( room_id, room_type_no, room_no) VALUES ('RM'||TO_CHAR(SEQ_ROOM_ID.NEXTVAL,'FM000'),'RT014','813');
INSERT INTO ROOM ( room_id, room_type_no, room_no) VALUES ('RM'||TO_CHAR(SEQ_ROOM_ID.NEXTVAL,'FM000'),'RT014','814');
INSERT INTO ROOM ( room_id, room_type_no, room_no) VALUES ('RM'||TO_CHAR(SEQ_ROOM_ID.NEXTVAL,'FM000'),'RT014','815');
INSERT INTO ROOM ( room_id, room_type_no, room_no) VALUES ('RM'||TO_CHAR(SEQ_ROOM_ID.NEXTVAL,'FM000'),'RT014','816');
INSERT INTO ROOM ( room_id, room_type_no, room_no) VALUES ('RM'||TO_CHAR(SEQ_ROOM_ID.NEXTVAL,'FM000'),'RT014','817');
INSERT INTO ROOM ( room_id, room_type_no, room_no) VALUES ('RM'||TO_CHAR(SEQ_ROOM_ID.NEXTVAL,'FM000'),'RT014','818');
INSERT INTO ROOM ( room_id, room_type_no, room_no) VALUES ('RM'||TO_CHAR(SEQ_ROOM_ID.NEXTVAL,'FM000'),'RT014','819');
INSERT INTO ROOM ( room_id, room_type_no, room_no) VALUES ('RM'||TO_CHAR(SEQ_ROOM_ID.NEXTVAL,'FM000'),'RT014','820');

------------------------------------------------------------------
--

------------------------------------------------------------------
--427更新
-- 餐廳
DROP SEQUENCE SEQ_RES_NO;
CREATE SEQUENCE SEQ_RES_NO;
INSERT INTO RESTAURANT(RES_NO, RES_NAME, Total_SEATS, RES_CONTACT, RES_PHONE, RES_STATUS) 
VALUES ('REST'||LPAD(TO_CHAR(SEQ_RES_NO.nextval),6,'0'), '中式餐廳', 70, 'Ocean' , '092345678', '1');

INSERT INTO RESTAURANT(RES_NO, RES_NAME, Total_SEATS, RES_CONTACT, RES_PHONE, RES_STATUS) 
VALUES ('REST'||LPAD(TO_CHAR(SEQ_RES_NO.nextval),6,'0'), '日式餐廳', 90, 'Sky' , '092345000' , '1');

INSERT INTO RESTAURANT(RES_NO, RES_NAME, Total_SEATS, RES_CONTACT, RES_PHONE, RES_STATUS) 
VALUES ('REST'||LPAD(TO_CHAR(SEQ_RES_NO.nextval),6,'0'), '西式餐廳', 90, 'Mike' , '096665000' , '1');

------------------------------------------------------------------
-- 員工餐廳
INSERT INTO EMP_RESTAURANT(EMP_ID, RES_NO)
VALUES ('EMP0000001', 'REST000001');
INSERT INTO EMP_RESTAURANT(EMP_ID, RES_NO)
VALUES ('EMP0000001', 'REST000002');
INSERT INTO EMP_RESTAURANT(EMP_ID, RES_NO)
VALUES ('EMP0000001', 'REST000003');
INSERT INTO EMP_RESTAURANT(EMP_ID, RES_NO)
VALUES ('EMP0000004', 'REST000002');
INSERT INTO EMP_RESTAURANT(EMP_ID, RES_NO)
VALUES ('EMP0000007', 'REST000003');

------------------------------------------------------------------
-- 餐點類別
-- 沒 SEQ 先 DROP 會有錯誤, DROP 的時候集中放在同一個區域
DROP SEQUENCE SEQ_MEAL_TYPE_NO;
CREATE SEQUENCE SEQ_MEAL_TYPE_NO;
INSERT INTO MEAL_TYPE(MEAL_TYPE_NO, TYPE_NAME)
VALUES('MT'||TO_CHAR(SEQ_MEAL_TYPE_NO.nextval,'FM000'),'主食');
INSERT INTO MEAL_TYPE(MEAL_TYPE_NO, TYPE_NAME)
VALUES('MT'||TO_CHAR(SEQ_MEAL_TYPE_NO.nextval,'FM000'),'鍋物');

------------------------------------------------------------------
-- 餐點
DROP SEQUENCE SEQ_MEAL_NO;
CREATE SEQUENCE SEQ_MEAL_NO;
INSERT INTO MEAL(MEAL_NO, RES_NO, MEAL_TYPE_NO, PRICE, MEAL_NAME, MEAL_INTRODUCTION, MEAL_DATE, MEAL_STATUS)
VALUES('M'||TO_CHAR(SEQ_MEAL_NO.nextval,'FM0000'),'REST000001', 'MT001', 100, '炸豬排丼', '雙醬咖哩的丼還可以', TO_DATE('2014-05-17','YYYY-MM-DD'), 1);
INSERT INTO MEAL(MEAL_NO, RES_NO, MEAL_TYPE_NO, PRICE, MEAL_NAME, MEAL_DATE, MEAL_STATUS)
VALUES('M'||TO_CHAR(SEQ_MEAL_NO.nextval,'FM0000'),'REST000001', 'MT002', 100, '牛肉番茄鍋', TO_DATE('2014-05-17','YYYY-MM-DD'), 1);
INSERT INTO MEAL(MEAL_NO, RES_NO, MEAL_TYPE_NO, PRICE, MEAL_NAME, MEAL_INTRODUCTION, MEAL_DATE, MEAL_STATUS)
VALUES('M'||TO_CHAR(SEQ_MEAL_NO.nextval,'FM0000'),'REST000003', 'MT002', 100, '豬肉番茄鍋', '', TO_DATE('2014-08-12','YYYY-MM-DD'), 0);
-- 要確保被 BAN 的餐廳的餐點狀態也要一起下架(CONTROLLER 中實現)
INSERT INTO MEAL(MEAL_NO, RES_NO, MEAL_TYPE_NO, PRICE, MEAL_NAME, MEAL_INTRODUCTION, MEAL_DATE, MEAL_STATUS)
VALUES('M'||TO_CHAR(SEQ_MEAL_NO.nextval,'FM0000'),'REST000003', 'MT001', 100, '炸雞排丼', '', TO_DATE('2014-08-12','YYYY-MM-DD'), 1);
--餐點

INSERT INTO MEAL(MEAL_NO, RES_NO, MEAL_TYPE_NO, PRICE, MEAL_NAME, MEAL_INTRODUCTION, MEAL_DATE, MEAL_STATUS) 
VALUES ('M'||TO_CHAR(SEQ_MEAL_NO.nextval,'FM0000'), 'REST000003', 'MT001', '300', '美式薯條' , '美式薯條好吃' , '2020-03-23', '1');

INSERT INTO MEAL(MEAL_NO, RES_NO, MEAL_TYPE_NO, PRICE, MEAL_NAME, MEAL_INTRODUCTION, MEAL_DATE, MEAL_STATUS) 
VALUES ('M'||TO_CHAR(SEQ_MEAL_NO.nextval,'FM0000'), 'REST000003', 'MT001', '300', '生魚片' , '生魚片好吃' , '2020-03-23', '1');

INSERT INTO MEAL(MEAL_NO, RES_NO, MEAL_TYPE_NO, PRICE, MEAL_NAME, MEAL_INTRODUCTION, MEAL_DATE, MEAL_STATUS) 
VALUES ('M'||TO_CHAR(SEQ_MEAL_NO.nextval,'FM0000'), 'REST000003', 'MT001', '300', '宮保雞丁' , '宮保雞丁好吃' , '2020-03-23', '1');

------------------------------------------------------------------
-- 客房訂餐訂單
DROP SEQUENCE SEQ_ROOM_MEAL_ORDER_NO;
CREATE SEQUENCE SEQ_ROOM_MEAL_ORDER_NO;
INSERT INTO ROOM_MEAL_ORDER_MASTER(ROOM_MEAL_ORDER_NO, B_ORDER_NO, ROOM_NO, EMP_ID, TOTAL_PRICE, ORDER_DATE, RO_ORDER_STATUS, SPECIAL_REQUIREMENT)
VALUES('ROM-20200322-001','BM-20200321-001', '101', 'EMP0000001', 500, TO_DATE('2020-03-23','YYYY-MM-DD'), 3, '加麵');
INSERT INTO ROOM_MEAL_ORDER_MASTER(ROOM_MEAL_ORDER_NO, B_ORDER_NO, ROOM_NO, EMP_ID, ORDER_DATE, RO_ORDER_STATUS)
VALUES('ROM-20200322-002','BM-20200321-002', '102', 'EMP0000001', TO_DATE('2020-03-23','YYYY-MM-DD'), 2);
INSERT INTO ROOM_MEAL_ORDER_MASTER(ROOM_MEAL_ORDER_NO, B_ORDER_NO, ROOM_NO, EMP_ID, ORDER_DATE, RO_ORDER_STATUS)
VALUES('ROM-20200322-003','BM-20200321-002', '101', 'EMP0000001', TO_DATE('2020-03-23','YYYY-MM-DD'), 1);
INSERT INTO ROOM_MEAL_ORDER_MASTER(ROOM_MEAL_ORDER_NO, B_ORDER_NO, ROOM_NO, EMP_ID, ORDER_DATE, RO_ORDER_STATUS)
VALUES('ROM-20200322-004','BM-20200321-002', '104', 'EMP0000001', TO_DATE('2020-03-23','YYYY-MM-DD'), 0);
INSERT INTO ROOM_MEAL_ORDER_MASTER(ROOM_MEAL_ORDER_NO, B_ORDER_NO, ROOM_NO, EMP_ID, ORDER_DATE, RO_ORDER_STATUS)
VALUES('ROM-20200322-005','BM-20200321-002', '103', 'EMP0000001', TO_DATE('2020-03-23','YYYY-MM-DD'), 4);

------------------------------------------------------------------
-- 客房訂餐訂單明細
INSERT INTO ROOM_MEAL_ORDER_DETAIL(ROOM_MEAL_ORDER_NO, MEAL_NO, QUANTITY, PRICE)
VALUES('ROM-20200322-001','M0001', 2, 100);
INSERT INTO ROOM_MEAL_ORDER_DETAIL(ROOM_MEAL_ORDER_NO, MEAL_NO, QUANTITY, PRICE)
VALUES('ROM-20200322-001','M0002', 3, 100);
INSERT INTO ROOM_MEAL_ORDER_DETAIL(ROOM_MEAL_ORDER_NO, MEAL_NO, QUANTITY, PRICE)
VALUES('ROM-20200322-002','M0001', 1, 100);
INSERT INTO ROOM_MEAL_ORDER_DETAIL(ROOM_MEAL_ORDER_NO, MEAL_NO, QUANTITY, PRICE)
VALUES('ROM-20200322-002','M0002', 1, 100);
INSERT INTO ROOM_MEAL_ORDER_DETAIL(ROOM_MEAL_ORDER_NO, MEAL_NO, QUANTITY, PRICE)
VALUES('ROM-20200322-003','M0001', 1, 100);
INSERT INTO ROOM_MEAL_ORDER_DETAIL(ROOM_MEAL_ORDER_NO, MEAL_NO, QUANTITY, PRICE)
VALUES('ROM-20200322-003','M0002', 1, 100);
INSERT INTO ROOM_MEAL_ORDER_DETAIL(ROOM_MEAL_ORDER_NO, MEAL_NO, QUANTITY, PRICE)
VALUES('ROM-20200322-004','M0001', 1, 100);
INSERT INTO ROOM_MEAL_ORDER_DETAIL(ROOM_MEAL_ORDER_NO, MEAL_NO, QUANTITY, PRICE)
VALUES('ROM-20200322-004','M0002', 1, 100);
INSERT INTO ROOM_MEAL_ORDER_DETAIL(ROOM_MEAL_ORDER_NO, MEAL_NO, QUANTITY, PRICE)
VALUES('ROM-20200322-005','M0001', 1, 100);
INSERT INTO ROOM_MEAL_ORDER_DETAIL(ROOM_MEAL_ORDER_NO, MEAL_NO, QUANTITY, PRICE)
VALUES('ROM-20200322-005','M0002', 1, 100);

--------------------------------------------------------------------------------------------------------------------------------------
--餐廳用餐訂單*5

DROP SEQUENCE SEQ_RES_MEAL_ORDER_NO;
CREATE SEQUENCE SEQ_RES_MEAL_ORDER_NO;
--INSERT INTO RES_MEAL_ORDER_MASTER(RES_MEAL_ORDER_NO, B_ORDER_NO, TABLE_NO, TOTAL_PRICE, ORDER_DATE, SPECIAL_REQUIREMENT) 
--VALUES ('RESM-'||TO_CHAR(SYSDATE,'YYYYMMDD')||'-'||TO_CHAR(SEQ_RES_MEAL_ORDER_NO.NEXTVAL,'FM000'), 'BM-20200321-001', '001', '900', '2020-03-23' ,  '無');

INSERT INTO RES_MEAL_ORDER_MASTER(RES_MEAL_ORDER_NO, B_ORDER_NO, TABLE_NO, TOTAL_PRICE, ORDER_STATUS, SPECIAL_REQUIREMENT) 
VALUES ('RESM-20200323-001', 'BM-20200321-001', '001', '900', '1' ,  '無');

INSERT INTO RES_MEAL_ORDER_MASTER(RES_MEAL_ORDER_NO, B_ORDER_NO, TABLE_NO, TOTAL_PRICE, ORDER_STATUS, SPECIAL_REQUIREMENT) 
VALUES ('RESM-20200323-002', 'BM-20200321-002', '002', '940', '1' ,  '無');

INSERT INTO RES_MEAL_ORDER_MASTER(RES_MEAL_ORDER_NO, B_ORDER_NO, TABLE_NO, TOTAL_PRICE, ORDER_STATUS, SPECIAL_REQUIREMENT) 
VALUES ('RESM-20200323-003', 'BM-20200321-001', '003', '5900', '1' ,  '無');

INSERT INTO RES_MEAL_ORDER_MASTER(RES_MEAL_ORDER_NO, B_ORDER_NO, TABLE_NO, TOTAL_PRICE, ORDER_STATUS, SPECIAL_REQUIREMENT) 
VALUES ('RESM-20200323-004', 'BM-20200321-002', '004', '8900', '1' ,  '無');

INSERT INTO RES_MEAL_ORDER_MASTER(RES_MEAL_ORDER_NO, B_ORDER_NO, TABLE_NO, TOTAL_PRICE, ORDER_STATUS, SPECIAL_REQUIREMENT) 
VALUES ('RESM-20200323-005', 'BM-20200321-001', '005', '9070', '1' ,  '無');
--------------------------------------------------------------------------------------------------------------------------------------
--427更新
--餐廳用餐訂單明細*5
INSERT INTO RES_MEAL_ORDER_DETAIL(RES_MEAL_ORDER_NO, MEAL_NO, PRICE, QUANTITY) 
VALUES ('RESM-20200323-005', 'M0001', '200','3');

INSERT INTO RES_MEAL_ORDER_DETAIL(RES_MEAL_ORDER_NO, MEAL_NO, PRICE, QUANTITY) 
VALUES ('RESM-20200323-004', 'M0002', '700','2');

INSERT INTO RES_MEAL_ORDER_DETAIL(RES_MEAL_ORDER_NO, MEAL_NO, PRICE, QUANTITY) 
VALUES ('RESM-20200323-003', 'M0003', '200','2');

INSERT INTO RES_MEAL_ORDER_DETAIL(RES_MEAL_ORDER_NO, MEAL_NO, PRICE, QUANTITY) 
VALUES ('RESM-20200323-002', 'M0002', '100','2');

INSERT INTO RES_MEAL_ORDER_DETAIL(RES_MEAL_ORDER_NO, MEAL_NO, PRICE, QUANTITY) 
VALUES ('RESM-20200323-001', 'M0001', '400','8');



--------------------------------------------------------------------------------------------------------------------------------------
--餐廳預約訂位
DROP SEQUENCE SEQ_RESERVATION_NO;
CREATE SEQUENCE SEQ_RESERVATION_NO;

INSERT INTO RES_RESERVATION(RESERVATION_NO, CUS_ID, RES_NO, RESERVATION_DATE, RESV_PERIOD, RESV_PEOPLE) 
VALUES ('RV-20200323-001', 'CUS0000004', 'REST000001', '2020-03-23' , '1' , '8' );

INSERT INTO RES_RESERVATION(RESERVATION_NO, CUS_ID, RES_NO, RESERVATION_DATE, RESV_PERIOD, RESV_PEOPLE) 
VALUES ('RV-20200323-002', 'CUS0000001', 'REST000001', '2020-03-23' , '1' , '3' );

INSERT INTO RES_RESERVATION(RESERVATION_NO, CUS_ID, RES_NO, RESERVATION_DATE, RESV_PERIOD, RESV_PEOPLE) 
VALUES ('RV-20200323-003', 'CUS0000002', 'REST000001', '2020-03-23' , '1' , '2' );

INSERT INTO RES_RESERVATION(RESERVATION_NO, CUS_ID, RES_NO, RESERVATION_DATE, RESV_PERIOD, RESV_PEOPLE) 
VALUES ('RV-20200323-004', 'CUS0000003', 'REST000003', '2020-03-23' , '1' , '10' );

INSERT INTO RES_RESERVATION(RESERVATION_NO, CUS_ID, RES_NO, RESERVATION_DATE, RESV_PERIOD, RESV_PEOPLE) 
VALUES ('RV-20200323-005', 'CUS0000001', 'REST000002', '2020-03-23' , '1' , '5' );

--------------------------------------------------------------------------------------------------------------------------------------

--------------------------------------------------------------------------------------------------
-- 收藏餐點
INSERT INTO FAVORITE_MEAL(CUS_ID, MEAL_NO)
VALUES('CUS0000002','M0002');
INSERT INTO FAVORITE_MEAL(CUS_ID, MEAL_NO)
VALUES('CUS0000002','M0001');
INSERT INTO FAVORITE_MEAL(CUS_ID, MEAL_NO)
VALUES('CUS0000002','M0003');
INSERT INTO FAVORITE_MEAL(CUS_ID, MEAL_NO)
VALUES('CUS0000002','M0004');
INSERT INTO FAVORITE_MEAL(CUS_ID, MEAL_NO)
VALUES('CUS0000003','M0002');
INSERT INTO FAVORITE_MEAL(CUS_ID, MEAL_NO)
VALUES('CUS0000001','M0002');
INSERT INTO FAVORITE_MEAL(CUS_ID, MEAL_NO)
VALUES('CUS0000005','M0002');
INSERT INTO FAVORITE_MEAL(CUS_ID, MEAL_NO)
VALUES('CUS0000004','M0002');
INSERT INTO FAVORITE_MEAL(CUS_ID, MEAL_NO)
VALUES('CUS0000006','M0002');


--------------------------------------------------------------------------------------------------------------------------------------
--日記

DROP SEQUENCE SEQ_DIARY_NO;
CREATE SEQUENCE SEQ_DIARY_NO
    INCREMENT BY 1 
    START WITH 1
    NOMAXVALUE NOCYCLE NOCACHE;

INSERT INTO diary
    (diary_no,cus_id,diary_date,diary_title,diary_content,diary_status)
VALUES('DI'||LPAD(to_char(SEQ_DIARY_NO.NEXTVAL),6,'0'), 'CUS0000001', TO_DATE('2020-03-22','yyyy-mm-dd'),
        '游泳池我',
        '旅程中也許住過還不錯的飯店，但總是來匆匆去匆匆，住個一兩天就閃了! 也沒時間好好的享受飯店裡的設施。但，這次不一樣! 第一次有機會能住飯店這麼長的時間，怎麼樣也要當自己家一樣好好的享用飯店裡的每樣設施! 最期待的就是Thistle Hotel裡的游泳池了! 晚上很興奮的在房間裡就換好泳衣，穿了T桖夾腳拖心情愉悅的往游泳池出發! 
飯店裡的游泳池並不大，但人潮也沒像學校游泳池一樣擁擠。除了泳池外，還驚喜的發現有SPA池、steam room蒸氣房以及sauna room桑拿房。這些，在溫泉spa館盛行的台灣，也許都沒甚麼，但第一次在英國享用這些熟悉的設施，感覺就像在台灣的spa館一樣，好滿足! 我們在spa池裡、蒸氣室裡、桑拿房裡穿梭，坐著流汗聊天~ 讓我想起在台灣時和家人好姐妹泡湯談心，好懷念的感覺~~
約莫兩小時，全部的設施都被我享受過一兩輪之後，我們倆待到最後一刻十點鐘游泳池關門，人潮散去才離開。最後從上岸時，愛玩的我，叫有力拉我上岸，結果一不小心，慘案就發生了! 右手大拇指被有力刮了好大一個傷口.... 嗚嗚，這不就代表傷口癒合前無法碰游泳池的水了! 心想，好吧! 那只好改去健身房囉~
回房沖了澡之後，整個人懶洋洋的坐在床上玩電腦，即使照鏡子時愕然發現臉又過敏了也無所謂的很開心~^^! 好久沒這麼放鬆了~ 真是一個美好的夜晚!',
        1);

INSERT INTO diary
    (diary_no,cus_id,diary_date,diary_title,diary_content,diary_status)
VALUES('DI'||LPAD(to_char(SEQ_DIARY_NO.NEXTVAL),6,'0'), 'CUS0000001', TO_DATE('2020-03-22','yyyy-mm-dd'),
        '我要當大爺樂事',
        '旅館生活的樂事之一，可以當大爺，即使房間亂到不行，每天都還是會有打掃阿姨來幫忙清掃，換上新的茶包、盥洗用具。自從愛醬踏上窮留學活以後，永遠洗不完的碗盤、衣服，樣樣都得自己來，好久沒當公主了! 我內心的公主都快變成灰姑娘了~ 突然覺得，家裡有人照顧的感覺真好!(淚~)
旅館生活的樂事之二，可以當電視兒童，欣賞平常看不到的經典黑白老片。當然，每天都可以關注BBC NEWS練聽力。窮留學生哪來的錢買第四台阿，大部分的房東，也不會這麼大方還幫忙付第四台的月租。近兩年沒看電視的愛醬，突然間發覺其實英國第四台挺多有趣的節目! 早上有力出門上班後，我就開始拿起遙控器亂轉。',
        0);

INSERT INTO diary
    (diary_no,cus_id,diary_date,diary_title,diary_content,diary_status)
VALUES('DI'||LPAD(to_char(SEQ_DIARY_NO.NEXTVAL),6,'0'), 'CUS0000004', TO_DATE('2020-03-22','yyyy-mm-dd'),
        '英國黑白經典老片',
        '最有趣的大概是這個英國黑白經典老片頻道! 關於黑白老片愛醬做了一個小小的結論: 以前年代電影裡的女生，都很少女情懷，好好騙，男主角一個小小的舉動就可以馬上心花亂墜陷入幻想(開始花癡起來~)，想嫁給沒見過幾次面的男主角。而男主角通常都是外表紳士，內心不知道在打甚麼鬼主意的壞人，像是圖中的男主角，即是突然來女主角家拜訪，天外飛來的神秘壞男人Uncle Charlie。
下午正在房間看電視時，發生了小小的插曲。早上有力出門前，再三的提醒我，如果有人敲門，不要隨便開門，要先從門上的貓眼觀察，看看門外的人是不是穿著類似飯店制服的打掃媽媽，旁邊有沒有打掃推車之類的。確認一切正常後，再開門讓他們進來打掃。偏偏下午時來敲門的卻是一個年輕男子，沒穿制服旁邊也看不到推車。',
        1
);

INSERT INTO diary
    (diary_no,cus_id,diary_date,diary_title,diary_content,diary_status)
VALUES('DI'||LPAD(to_char(SEQ_DIARY_NO.NEXTVAL),6,'0'), 'CUS0000003', TO_DATE('2020-03-22','yyyy-mm-dd'),
        '經典老片',
        '最有趣的大概是這個英國黑白經典老片頻道! 關於黑白老片愛醬做了一個小小的結論: 以前年代電影裡的女生，都很少女情懷，好好騙，男主角一個小小的舉動就可以馬上心花亂墜陷入幻想(開始花癡起來~)，想嫁給沒見過幾次面的男主角。而男主角通常都是外表紳士，內心不知道在打甚麼鬼主意的壞人，像是圖中的男主角，即是突然來女主角家拜訪，天外飛來的神秘壞男人Uncle Charlie。
下午正在房間看電視時，發生了小小的插曲。早上有力出門前，再三的提醒我，如果有人敲門，不要隨便開門，要先從門上的貓眼觀察，看看門外的人是不是穿著類似飯店制服的打掃媽媽，旁邊有沒有打掃推車之類的。確認一切正常後，再開門讓他們進來打掃。偏偏下午時來敲門的卻是一個年輕男子，沒穿制服旁邊也看不到推車。',
        1
);

INSERT INTO diary
    (diary_no,cus_id,diary_date,diary_title,diary_content,diary_status)
VALUES('DI'||LPAD(to_char(SEQ_DIARY_NO.NEXTVAL),6,'0'), 'CUS0000002', TO_DATE('2020-03-22','yyyy-mm-dd'),
        '正在房間看電視',
        '下午正在房間看電視時，發生了小小的插曲。早上有力出門前，再三的提醒我，如果有人敲門，不要隨便開門，要先從門上的貓眼觀察，看看門外的人是不是穿著類似飯店制服的打掃媽媽，旁邊有沒有打掃推車之類的。確認一切正常後，再開門讓他們進來打掃。偏偏下午時來敲門的卻是一個年輕男子，沒穿制服旁邊也看不到推車。
前陣子剛看了"Taken即刻救援"的愛醬，心裡還有點陰霾，有小小的驚一下，怎麼跟想像中的打掃媽媽都不一樣! 男子敲了兩次門說"housekeeping"，愛醬都推託請他晚點再來。第三次男子再來敲門時，心想，如果是假的沒必要等那麼久還來敲三次門吧! 最後愛醬還是開門讓男子進房，請他快速的換了茶包、盥洗用具和垃圾。搞得男子自己也覺得很不好意思，說了三次"Sorry to bother you"。後來幾天，就再也沒看到那位男服務生了。',
        1
);



--------------------------------------------------------------------------------------------------------------------------------------
--日誌留言

DROP SEQUENCE SEQ_DIARY_MESSAGE_NO;
CREATE SEQUENCE SEQ_DIARY_MESSAGE_NO
INCREMENT BY 1 
START WITH 1
NOMAXVALUE NOCYCLE NOCACHE;

INSERT INTO diary_message
    (diary_message_no,cus_id,diary_no,diary_message_date,diary_message_content,diary_message_status)
VALUES('DIME'||LPAD(to_char(SEQ_DIARY_MESSAGE_NO.NEXTVAL),6,'0'), 'CUS0000004', 'DI000002', TO_DATE('2020-03-22','yyyy-mm-dd'),
        '好久沒去議蘆會館週邊走走了 這次約朋友 有空閒一點時間 才觀察到池畔有怎麼靜 雅 美的環境 隨手照了幾張相片 真的如詩如畫 而且有好多居民一大早來此運動 散步 勁走 順道欣賞美景 霧峰是個好地方 也可順道參觀古色古香 林家花園 午餐也可吃吃 有名當地老牌 羊肉盧 一日遊就行程了 假期帶著全家來走走喲好久沒去議蘆會館週邊走走了 這次約朋友 有空閒一點時間 才觀察到池畔有怎麼靜 雅 美的環境 隨手照了幾張相片 真的如詩如畫 而且有好多居民一大早來此運動 散步 勁走 順道欣賞美景 霧峰是個好地方 也可順道參觀古色古香 林家花園 午餐也可吃吃 有名當地老牌 羊肉盧 一日遊就行程了 假期帶著全家來走走喲'
, 1);

INSERT INTO diary_message
    (diary_message_no,cus_id,diary_no,diary_message_date,diary_message_content,diary_message_status)
VALUES('DIME'||LPAD(to_char(SEQ_DIARY_MESSAGE_NO.NEXTVAL),6,'0'), 'CUS0000005', 'DI000005', TO_DATE('2020-03-22','yyyy-mm-dd'),
        '第一次去用餐，老闆尾牙宴招待，一桌$8000元感覺比$5000的品質還差，紅蟳米糕不新鮮，一盤10隻蝦子超小隻，蘆筍只炒秀珍菇和甜椒，真的很懷疑這是$8000的桌菜，還有單點800元素食餐也只有$300到$400的價值而已；唯一讚美的地方只有用餐環境尚可第一次去用餐，老闆尾牙宴招待，一桌$8000元感覺比$5000的品質還差，紅蟳米糕不新鮮，一盤10隻蝦子超小隻，蘆筍只炒秀珍菇和甜椒，真的很懷疑這是$8000的桌菜，還有單點800元素食餐也只有$300到$400的價值而已；唯一讚美的地方只有用餐環境尚可'
, 1);

INSERT INTO diary_message
    (diary_message_no,cus_id,diary_no,diary_message_date,diary_message_content,diary_message_status)
VALUES('DIME'||LPAD(to_char(SEQ_DIARY_MESSAGE_NO.NEXTVAL),6,'0'), 'CUS0000005', 'DI000004', TO_DATE('2020-03-22','yyyy-mm-dd'),
        '今早10：00左右去喝咖啡，我們五個人，感覺整個餐廳只歸我們享用，讚啦！今早10：00左右去喝咖啡，我們五個人，感覺整個餐廳只歸我們享用，讚啦！'
, 1);

INSERT INTO diary_message
    (diary_message_no,cus_id,diary_no,diary_message_date,diary_message_content,diary_message_status)
VALUES('DIME'||LPAD(to_char(SEQ_DIARY_MESSAGE_NO.NEXTVAL),6,'0'), 'CUS0000002', 'DI000003', TO_DATE('2020-03-22','yyyy-mm-dd'),
        '環境很好，服務親切，物超所值，以後會常去，謝謝!環境很好，服務親切，物超所值，以後會常去，謝謝!'
, 1);

INSERT INTO diary_message
    (diary_message_no,cus_id,diary_no,diary_message_date,diary_message_content,diary_message_status)
VALUES('DIME'||LPAD(to_char(SEQ_DIARY_MESSAGE_NO.NEXTVAL),6,'0'), 'CUS0000003', 'DI000001', TO_DATE('2020-03-22','yyyy-mm-dd'),
        '服務滿分，環境幽雅，有歷史意義，套餐意外的好吃，下次再試桌菜
喜歡服務滿分，環境幽雅，有歷史意義，套餐意外的好吃，下次再試桌菜'
, 1);



--------------------------------------------------------------------------------------------------------------------------------------
--訊息檢舉

DROP SEQUENCE SQL_MESSAGE_REPORT;
CREATE SEQUENCE SQL_MESSAGE_REPORT
INCREMENT BY 1 
START WITH 1
NOMAXVALUE NOCYCLE NOCACHE;

INSERT INTO message_report
    (message_report_no,cus_id,diary_no,diary_message_no,report_project,report_date,message_report_status)
VALUES('mere'||LPAD(to_char(SQL_MESSAGE_REPORT.NEXTVAL),6,'0'), 'CUS0000003', 'DI000001', 'DIME000001', 0, TO_DATE('2020-03-22','yyyy-mm-dd'), 1);

INSERT INTO message_report
    (message_report_no,cus_id,diary_no,diary_message_no,report_project,report_date,message_report_status)
VALUES('mere'||LPAD(to_char(SQL_MESSAGE_REPORT.NEXTVAL),6,'0'), 'CUS0000003', 'DI000002', 'DIME000002', 0, TO_DATE('2020-03-22','yyyy-mm-dd'), 1);

INSERT INTO message_report
    (message_report_no,cus_id,diary_no,diary_message_no,report_project,report_date,message_report_status)
VALUES('mere'||LPAD(to_char(SQL_MESSAGE_REPORT.NEXTVAL),6,'0'),'CUS0000003', 'DI000003', 'DIME000003', 0, TO_DATE('2020-03-22','yyyy-mm-dd'), 1);

INSERT INTO message_report
    (message_report_no,cus_id,diary_no,diary_message_no,report_project,report_date,message_report_status)
VALUES('mere'||LPAD(to_char(SQL_MESSAGE_REPORT.NEXTVAL),6,'0'), 'CUS0000003', 'DI000004', 'DIME000004', 0, TO_DATE('2020-03-22','yyyy-mm-dd'), 1);

INSERT INTO message_report
    (message_report_no,cus_id,diary_no,diary_message_no,report_project,report_date,message_report_status)
VALUES('mere'||LPAD(to_char(SQL_MESSAGE_REPORT.NEXTVAL),6,'0'), 'CUS0000003', 'DI000002', 'DIME000005', 0, TO_DATE('2020-03-22','yyyy-mm-dd'), 1);


--------------------------------------------------------------------------------------------------------------------------------------
--日誌檢舉


DROP SEQUENCE SQL_DIARY_REPORT;
CREATE SEQUENCE SQL_DIARY_REPORT
INCREMENT BY 1 
START WITH 1
NOMAXVALUE NOCYCLE NOCACHE;

INSERT INTO diary_report
    (diary_report_no,cus_id,diary_no,report_project,report_date,DIARY_report_status)
VALUES('dire'||LPAD(to_char(SQL_DIARY_REPORT.NEXTVAL),6,'0'), 'CUS0000001', 'DI000005', 1, TO_DATE('2020-03-22','yyyy-mm-dd'), 1);

INSERT INTO diary_report
    (diary_report_no,cus_id,diary_no,report_project,report_date,DIARY_report_status)
VALUES('dire'||LPAD(to_char(SQL_DIARY_REPORT.NEXTVAL),6,'0'), 'CUS0000001', 'DI000005', 1, TO_DATE('2020-03-22','yyyy-mm-dd'), 1);

INSERT INTO diary_report
    (diary_report_no,cus_id,diary_no,report_project,report_date,DIARY_report_status)
VALUES('dire'||LPAD(to_char(SQL_DIARY_REPORT.NEXTVAL),6,'0'), 'CUS0000002', 'DI000005', 1, TO_DATE('2020-03-22','yyyy-mm-dd'), 1);

INSERT INTO diary_report
    (diary_report_no,cus_id,diary_no,report_project,report_date,DIARY_report_status)
VALUES('dire'||LPAD(to_char(SQL_DIARY_REPORT.NEXTVAL),6,'0'), 'CUS0000003', 'DI000005', 1, TO_DATE('2020-03-22','yyyy-mm-dd'), 1);

INSERT INTO diary_report
    (diary_report_no,cus_id,diary_no,report_project,report_date,DIARY_report_status)
VALUES('dire'||LPAD(to_char(SQL_DIARY_REPORT.NEXTVAL),6,'0'), 'CUS0000004', 'DI000005', 1, TO_DATE('2020-03-22','yyyy-mm-dd'), 1);

Insert into DA106G1.ROOM_DATE (DATE_TIME,ISHOLIDAY) values (to_date('2020-04-01','yyyy-mm-dd'),1);
Insert into DA106G1.ROOM_DATE (DATE_TIME,ISHOLIDAY) values (to_date('2020-04-02','yyyy-mm-dd'),1);
Insert into DA106G1.ROOM_DATE (DATE_TIME,ISHOLIDAY) values (to_date('2020-04-03','yyyy-mm-dd'),1);
Insert into DA106G1.ROOM_DATE (DATE_TIME,ISHOLIDAY) values (to_date('2020-04-04','yyyy-mm-dd'),1);
Insert into DA106G1.ROOM_DATE (DATE_TIME,ISHOLIDAY) values (to_date('2020-04-05','yyyy-mm-dd'),0);
Insert into DA106G1.ROOM_DATE (DATE_TIME,ISHOLIDAY) values (to_date('2020-04-06','yyyy-mm-dd'),0);
Insert into DA106G1.ROOM_DATE (DATE_TIME,ISHOLIDAY) values (to_date('2020-04-07','yyyy-mm-dd'),0);
Insert into DA106G1.ROOM_DATE (DATE_TIME,ISHOLIDAY) values (to_date('2020-04-08','yyyy-mm-dd'),0);
Insert into DA106G1.ROOM_DATE (DATE_TIME,ISHOLIDAY) values (to_date('2020-04-09','yyyy-mm-dd'),0);
Insert into DA106G1.ROOM_DATE (DATE_TIME,ISHOLIDAY) values (to_date('2020-04-10','yyyy-mm-dd'),1);
Insert into DA106G1.ROOM_DATE (DATE_TIME,ISHOLIDAY) values (to_date('2020-04-11','yyyy-mm-dd'),1);
Insert into DA106G1.ROOM_DATE (DATE_TIME,ISHOLIDAY) values (to_date('2020-04-12','yyyy-mm-dd'),0);
Insert into DA106G1.ROOM_DATE (DATE_TIME,ISHOLIDAY) values (to_date('2020-04-13','yyyy-mm-dd'),0);
Insert into DA106G1.ROOM_DATE (DATE_TIME,ISHOLIDAY) values (to_date('2020-04-14','yyyy-mm-dd'),0);
Insert into DA106G1.ROOM_DATE (DATE_TIME,ISHOLIDAY) values (to_date('2020-04-15','yyyy-mm-dd'),0);
Insert into DA106G1.ROOM_DATE (DATE_TIME,ISHOLIDAY) values (to_date('2020-04-16','yyyy-mm-dd'),0);
Insert into DA106G1.ROOM_DATE (DATE_TIME,ISHOLIDAY) values (to_date('2020-04-17','yyyy-mm-dd'),1);
Insert into DA106G1.ROOM_DATE (DATE_TIME,ISHOLIDAY) values (to_date('2020-04-18','yyyy-mm-dd'),1);
Insert into DA106G1.ROOM_DATE (DATE_TIME,ISHOLIDAY) values (to_date('2020-04-19','yyyy-mm-dd'),0);
Insert into DA106G1.ROOM_DATE (DATE_TIME,ISHOLIDAY) values (to_date('2020-04-20','yyyy-mm-dd'),0);
Insert into DA106G1.ROOM_DATE (DATE_TIME,ISHOLIDAY) values (to_date('2020-04-21','yyyy-mm-dd'),0);
Insert into DA106G1.ROOM_DATE (DATE_TIME,ISHOLIDAY) values (to_date('2020-04-22','yyyy-mm-dd'),0);
Insert into DA106G1.ROOM_DATE (DATE_TIME,ISHOLIDAY) values (to_date('2020-04-23','yyyy-mm-dd'),0);
Insert into DA106G1.ROOM_DATE (DATE_TIME,ISHOLIDAY) values (to_date('2020-04-24','yyyy-mm-dd'),1);
Insert into DA106G1.ROOM_DATE (DATE_TIME,ISHOLIDAY) values (to_date('2020-04-25','yyyy-mm-dd'),1);
Insert into DA106G1.ROOM_DATE (DATE_TIME,ISHOLIDAY) values (to_date('2020-04-26','yyyy-mm-dd'),0);
Insert into DA106G1.ROOM_DATE (DATE_TIME,ISHOLIDAY) values (to_date('2020-04-27','yyyy-mm-dd'),0);
Insert into DA106G1.ROOM_DATE (DATE_TIME,ISHOLIDAY) values (to_date('2020-04-28','yyyy-mm-dd'),0);
Insert into DA106G1.ROOM_DATE (DATE_TIME,ISHOLIDAY) values (to_date('2020-04-29','yyyy-mm-dd'),0);
Insert into DA106G1.ROOM_DATE (DATE_TIME,ISHOLIDAY) values (to_date('2020-04-30','yyyy-mm-dd'),1);
Insert into DA106G1.ROOM_DATE (DATE_TIME,ISHOLIDAY) values (to_date('2020-05-01','yyyy-mm-dd'),1);
Insert into DA106G1.ROOM_DATE (DATE_TIME,ISHOLIDAY) values (to_date('2020-05-02','yyyy-mm-dd'),1);
Insert into DA106G1.ROOM_DATE (DATE_TIME,ISHOLIDAY) values (to_date('2020-05-03','yyyy-mm-dd'),0);
Insert into DA106G1.ROOM_DATE (DATE_TIME,ISHOLIDAY) values (to_date('2020-05-04','yyyy-mm-dd'),0);
Insert into DA106G1.ROOM_DATE (DATE_TIME,ISHOLIDAY) values (to_date('2020-05-05','yyyy-mm-dd'),0);
Insert into DA106G1.ROOM_DATE (DATE_TIME,ISHOLIDAY) values (to_date('2020-05-06','yyyy-mm-dd'),0);
Insert into DA106G1.ROOM_DATE (DATE_TIME,ISHOLIDAY) values (to_date('2020-05-07','yyyy-mm-dd'),0);
Insert into DA106G1.ROOM_DATE (DATE_TIME,ISHOLIDAY) values (to_date('2020-05-08','yyyy-mm-dd'),1);
Insert into DA106G1.ROOM_DATE (DATE_TIME,ISHOLIDAY) values (to_date('2020-05-09','yyyy-mm-dd'),1);
Insert into DA106G1.ROOM_DATE (DATE_TIME,ISHOLIDAY) values (to_date('2020-05-10','yyyy-mm-dd'),0);
Insert into DA106G1.ROOM_DATE (DATE_TIME,ISHOLIDAY) values (to_date('2020-05-11','yyyy-mm-dd'),0);
Insert into DA106G1.ROOM_DATE (DATE_TIME,ISHOLIDAY) values (to_date('2020-05-12','yyyy-mm-dd'),0);
Insert into DA106G1.ROOM_DATE (DATE_TIME,ISHOLIDAY) values (to_date('2020-05-13','yyyy-mm-dd'),0);
Insert into DA106G1.ROOM_DATE (DATE_TIME,ISHOLIDAY) values (to_date('2020-05-14','yyyy-mm-dd'),0);
Insert into DA106G1.ROOM_DATE (DATE_TIME,ISHOLIDAY) values (to_date('2020-05-15','yyyy-mm-dd'),1);
Insert into DA106G1.ROOM_DATE (DATE_TIME,ISHOLIDAY) values (to_date('2020-05-16','yyyy-mm-dd'),1);
Insert into DA106G1.ROOM_DATE (DATE_TIME,ISHOLIDAY) values (to_date('2020-05-17','yyyy-mm-dd'),0);
Insert into DA106G1.ROOM_DATE (DATE_TIME,ISHOLIDAY) values (to_date('2020-05-18','yyyy-mm-dd'),0);
Insert into DA106G1.ROOM_DATE (DATE_TIME,ISHOLIDAY) values (to_date('2020-05-19','yyyy-mm-dd'),0);
Insert into DA106G1.ROOM_DATE (DATE_TIME,ISHOLIDAY) values (to_date('2020-05-20','yyyy-mm-dd'),0);
Insert into DA106G1.ROOM_DATE (DATE_TIME,ISHOLIDAY) values (to_date('2020-05-21','yyyy-mm-dd'),0);
Insert into DA106G1.ROOM_DATE (DATE_TIME,ISHOLIDAY) values (to_date('2020-05-22','yyyy-mm-dd'),1);
Insert into DA106G1.ROOM_DATE (DATE_TIME,ISHOLIDAY) values (to_date('2020-05-23','yyyy-mm-dd'),1);
Insert into DA106G1.ROOM_DATE (DATE_TIME,ISHOLIDAY) values (to_date('2020-05-24','yyyy-mm-dd'),0);
Insert into DA106G1.ROOM_DATE (DATE_TIME,ISHOLIDAY) values (to_date('2020-05-25','yyyy-mm-dd'),0);
Insert into DA106G1.ROOM_DATE (DATE_TIME,ISHOLIDAY) values (to_date('2020-05-26','yyyy-mm-dd'),0);
Insert into DA106G1.ROOM_DATE (DATE_TIME,ISHOLIDAY) values (to_date('2020-05-27','yyyy-mm-dd'),0);
Insert into DA106G1.ROOM_DATE (DATE_TIME,ISHOLIDAY) values (to_date('2020-05-28','yyyy-mm-dd'),0);
Insert into DA106G1.ROOM_DATE (DATE_TIME,ISHOLIDAY) values (to_date('2020-05-29','yyyy-mm-dd'),1);
Insert into DA106G1.ROOM_DATE (DATE_TIME,ISHOLIDAY) values (to_date('2020-05-30','yyyy-mm-dd'),1);
Insert into DA106G1.ROOM_DATE (DATE_TIME,ISHOLIDAY) values (to_date('2020-05-31','yyyy-mm-dd'),0);
Insert into DA106G1.ROOM_DATE (DATE_TIME,ISHOLIDAY) values (to_date('2020-06-01','yyyy-mm-dd'),0);
Insert into DA106G1.ROOM_DATE (DATE_TIME,ISHOLIDAY) values (to_date('2020-06-02','yyyy-mm-dd'),0);
Insert into DA106G1.ROOM_DATE (DATE_TIME,ISHOLIDAY) values (to_date('2020-06-03','yyyy-mm-dd'),0);
Insert into DA106G1.ROOM_DATE (DATE_TIME,ISHOLIDAY) values (to_date('2020-06-04','yyyy-mm-dd'),0);
Insert into DA106G1.ROOM_DATE (DATE_TIME,ISHOLIDAY) values (to_date('2020-06-05','yyyy-mm-dd'),1);
Insert into DA106G1.ROOM_DATE (DATE_TIME,ISHOLIDAY) values (to_date('2020-06-06','yyyy-mm-dd'),1);
Insert into DA106G1.ROOM_DATE (DATE_TIME,ISHOLIDAY) values (to_date('2020-06-07','yyyy-mm-dd'),0);
Insert into DA106G1.ROOM_DATE (DATE_TIME,ISHOLIDAY) values (to_date('2020-06-08','yyyy-mm-dd'),0);
Insert into DA106G1.ROOM_DATE (DATE_TIME,ISHOLIDAY) values (to_date('2020-06-09','yyyy-mm-dd'),0);
Insert into DA106G1.ROOM_DATE (DATE_TIME,ISHOLIDAY) values (to_date('2020-06-10','yyyy-mm-dd'),0);
Insert into DA106G1.ROOM_DATE (DATE_TIME,ISHOLIDAY) values (to_date('2020-06-11','yyyy-mm-dd'),0);
Insert into DA106G1.ROOM_DATE (DATE_TIME,ISHOLIDAY) values (to_date('2020-06-12','yyyy-mm-dd'),1);
Insert into DA106G1.ROOM_DATE (DATE_TIME,ISHOLIDAY) values (to_date('2020-06-13','yyyy-mm-dd'),1);
Insert into DA106G1.ROOM_DATE (DATE_TIME,ISHOLIDAY) values (to_date('2020-06-14','yyyy-mm-dd'),0);
Insert into DA106G1.ROOM_DATE (DATE_TIME,ISHOLIDAY) values (to_date('2020-06-15','yyyy-mm-dd'),0);
Insert into DA106G1.ROOM_DATE (DATE_TIME,ISHOLIDAY) values (to_date('2020-06-16','yyyy-mm-dd'),0);
Insert into DA106G1.ROOM_DATE (DATE_TIME,ISHOLIDAY) values (to_date('2020-06-17','yyyy-mm-dd'),0);
Insert into DA106G1.ROOM_DATE (DATE_TIME,ISHOLIDAY) values (to_date('2020-06-18','yyyy-mm-dd'),0);
Insert into DA106G1.ROOM_DATE (DATE_TIME,ISHOLIDAY) values (to_date('2020-06-19','yyyy-mm-dd'),1);
Insert into DA106G1.ROOM_DATE (DATE_TIME,ISHOLIDAY) values (to_date('2020-06-20','yyyy-mm-dd'),1);
Insert into DA106G1.ROOM_DATE (DATE_TIME,ISHOLIDAY) values (to_date('2020-06-21','yyyy-mm-dd'),0);
Insert into DA106G1.ROOM_DATE (DATE_TIME,ISHOLIDAY) values (to_date('2020-06-22','yyyy-mm-dd'),0);
Insert into DA106G1.ROOM_DATE (DATE_TIME,ISHOLIDAY) values (to_date('2020-06-23','yyyy-mm-dd'),0);
Insert into DA106G1.ROOM_DATE (DATE_TIME,ISHOLIDAY) values (to_date('2020-06-24','yyyy-mm-dd'),1);
Insert into DA106G1.ROOM_DATE (DATE_TIME,ISHOLIDAY) values (to_date('2020-06-25','yyyy-mm-dd'),1);
Insert into DA106G1.ROOM_DATE (DATE_TIME,ISHOLIDAY) values (to_date('2020-06-26','yyyy-mm-dd'),1);
Insert into DA106G1.ROOM_DATE (DATE_TIME,ISHOLIDAY) values (to_date('2020-06-27','yyyy-mm-dd'),1);
Insert into DA106G1.ROOM_DATE (DATE_TIME,ISHOLIDAY) values (to_date('2020-06-28','yyyy-mm-dd'),0);
Insert into DA106G1.ROOM_DATE (DATE_TIME,ISHOLIDAY) values (to_date('2020-06-29','yyyy-mm-dd'),0);
Insert into DA106G1.ROOM_DATE (DATE_TIME,ISHOLIDAY) values (to_date('2020-06-30','yyyy-mm-dd'),0);
Insert into DA106G1.ROOM_DATE (DATE_TIME,ISHOLIDAY) values (to_date('2020-07-01','yyyy-mm-dd'),0);
Insert into DA106G1.ROOM_DATE (DATE_TIME,ISHOLIDAY) values (to_date('2020-07-02','yyyy-mm-dd'),0);
Insert into DA106G1.ROOM_DATE (DATE_TIME,ISHOLIDAY) values (to_date('2020-07-03','yyyy-mm-dd'),1);
Insert into DA106G1.ROOM_DATE (DATE_TIME,ISHOLIDAY) values (to_date('2020-07-04','yyyy-mm-dd'),1);
Insert into DA106G1.ROOM_DATE (DATE_TIME,ISHOLIDAY) values (to_date('2020-07-05','yyyy-mm-dd'),0);
Insert into DA106G1.ROOM_DATE (DATE_TIME,ISHOLIDAY) values (to_date('2020-07-06','yyyy-mm-dd'),0);
Insert into DA106G1.ROOM_DATE (DATE_TIME,ISHOLIDAY) values (to_date('2020-07-07','yyyy-mm-dd'),0);
Insert into DA106G1.ROOM_DATE (DATE_TIME,ISHOLIDAY) values (to_date('2020-07-08','yyyy-mm-dd'),0);
Insert into DA106G1.ROOM_DATE (DATE_TIME,ISHOLIDAY) values (to_date('2020-07-09','yyyy-mm-dd'),0);
Insert into DA106G1.ROOM_DATE (DATE_TIME,ISHOLIDAY) values (to_date('2020-07-10','yyyy-mm-dd'),1);
Insert into DA106G1.ROOM_DATE (DATE_TIME,ISHOLIDAY) values (to_date('2020-07-11','yyyy-mm-dd'),1);
Insert into DA106G1.ROOM_DATE (DATE_TIME,ISHOLIDAY) values (to_date('2020-07-12','yyyy-mm-dd'),0);
Insert into DA106G1.ROOM_DATE (DATE_TIME,ISHOLIDAY) values (to_date('2020-07-13','yyyy-mm-dd'),0);
Insert into DA106G1.ROOM_DATE (DATE_TIME,ISHOLIDAY) values (to_date('2020-07-14','yyyy-mm-dd'),0);
Insert into DA106G1.ROOM_DATE (DATE_TIME,ISHOLIDAY) values (to_date('2020-07-15','yyyy-mm-dd'),0);
Insert into DA106G1.ROOM_DATE (DATE_TIME,ISHOLIDAY) values (to_date('2020-07-16','yyyy-mm-dd'),0);
Insert into DA106G1.ROOM_DATE (DATE_TIME,ISHOLIDAY) values (to_date('2020-07-17','yyyy-mm-dd'),1);
Insert into DA106G1.ROOM_DATE (DATE_TIME,ISHOLIDAY) values (to_date('2020-07-18','yyyy-mm-dd'),1);
Insert into DA106G1.ROOM_DATE (DATE_TIME,ISHOLIDAY) values (to_date('2020-07-19','yyyy-mm-dd'),0);
Insert into DA106G1.ROOM_DATE (DATE_TIME,ISHOLIDAY) values (to_date('2020-07-20','yyyy-mm-dd'),0);
Insert into DA106G1.ROOM_DATE (DATE_TIME,ISHOLIDAY) values (to_date('2020-07-21','yyyy-mm-dd'),0);
Insert into DA106G1.ROOM_DATE (DATE_TIME,ISHOLIDAY) values (to_date('2020-07-22','yyyy-mm-dd'),0);
Insert into DA106G1.ROOM_DATE (DATE_TIME,ISHOLIDAY) values (to_date('2020-07-23','yyyy-mm-dd'),0);
Insert into DA106G1.ROOM_DATE (DATE_TIME,ISHOLIDAY) values (to_date('2020-07-24','yyyy-mm-dd'),1);
Insert into DA106G1.ROOM_DATE (DATE_TIME,ISHOLIDAY) values (to_date('2020-07-25','yyyy-mm-dd'),1);
Insert into DA106G1.ROOM_DATE (DATE_TIME,ISHOLIDAY) values (to_date('2020-07-26','yyyy-mm-dd'),0);
Insert into DA106G1.ROOM_DATE (DATE_TIME,ISHOLIDAY) values (to_date('2020-07-27','yyyy-mm-dd'),0);
Insert into DA106G1.ROOM_DATE (DATE_TIME,ISHOLIDAY) values (to_date('2020-07-28','yyyy-mm-dd'),0);
Insert into DA106G1.ROOM_DATE (DATE_TIME,ISHOLIDAY) values (to_date('2020-07-29','yyyy-mm-dd'),0);
Insert into DA106G1.ROOM_DATE (DATE_TIME,ISHOLIDAY) values (to_date('2020-07-30','yyyy-mm-dd'),0);
Insert into DA106G1.ROOM_DATE (DATE_TIME,ISHOLIDAY) values (to_date('2020-07-31','yyyy-mm-dd'),1);
Insert into DA106G1.ROOM_DATE (DATE_TIME,ISHOLIDAY) values (to_date('2020-08-01','yyyy-mm-dd'),1);
Insert into DA106G1.ROOM_DATE (DATE_TIME,ISHOLIDAY) values (to_date('2020-08-02','yyyy-mm-dd'),0);
Insert into DA106G1.ROOM_DATE (DATE_TIME,ISHOLIDAY) values (to_date('2020-08-03','yyyy-mm-dd'),0);
Insert into DA106G1.ROOM_DATE (DATE_TIME,ISHOLIDAY) values (to_date('2020-08-04','yyyy-mm-dd'),0);
Insert into DA106G1.ROOM_DATE (DATE_TIME,ISHOLIDAY) values (to_date('2020-08-05','yyyy-mm-dd'),0);
Insert into DA106G1.ROOM_DATE (DATE_TIME,ISHOLIDAY) values (to_date('2020-08-06','yyyy-mm-dd'),0);
Insert into DA106G1.ROOM_DATE (DATE_TIME,ISHOLIDAY) values (to_date('2020-08-07','yyyy-mm-dd'),1);
Insert into DA106G1.ROOM_DATE (DATE_TIME,ISHOLIDAY) values (to_date('2020-08-08','yyyy-mm-dd'),1);
Insert into DA106G1.ROOM_DATE (DATE_TIME,ISHOLIDAY) values (to_date('2020-08-09','yyyy-mm-dd'),0);
Insert into DA106G1.ROOM_DATE (DATE_TIME,ISHOLIDAY) values (to_date('2020-08-10','yyyy-mm-dd'),0);
Insert into DA106G1.ROOM_DATE (DATE_TIME,ISHOLIDAY) values (to_date('2020-08-11','yyyy-mm-dd'),0);
Insert into DA106G1.ROOM_DATE (DATE_TIME,ISHOLIDAY) values (to_date('2020-08-12','yyyy-mm-dd'),0);
Insert into DA106G1.ROOM_DATE (DATE_TIME,ISHOLIDAY) values (to_date('2020-08-13','yyyy-mm-dd'),0);
Insert into DA106G1.ROOM_DATE (DATE_TIME,ISHOLIDAY) values (to_date('2020-08-14','yyyy-mm-dd'),1);
Insert into DA106G1.ROOM_DATE (DATE_TIME,ISHOLIDAY) values (to_date('2020-08-15','yyyy-mm-dd'),1);
Insert into DA106G1.ROOM_DATE (DATE_TIME,ISHOLIDAY) values (to_date('2020-08-16','yyyy-mm-dd'),0);
Insert into DA106G1.ROOM_DATE (DATE_TIME,ISHOLIDAY) values (to_date('2020-08-17','yyyy-mm-dd'),0);
Insert into DA106G1.ROOM_DATE (DATE_TIME,ISHOLIDAY) values (to_date('2020-08-18','yyyy-mm-dd'),0);
Insert into DA106G1.ROOM_DATE (DATE_TIME,ISHOLIDAY) values (to_date('2020-08-19','yyyy-mm-dd'),0);
Insert into DA106G1.ROOM_DATE (DATE_TIME,ISHOLIDAY) values (to_date('2020-08-20','yyyy-mm-dd'),0);
Insert into DA106G1.ROOM_DATE (DATE_TIME,ISHOLIDAY) values (to_date('2020-08-21','yyyy-mm-dd'),1);
Insert into DA106G1.ROOM_DATE (DATE_TIME,ISHOLIDAY) values (to_date('2020-08-22','yyyy-mm-dd'),1);
Insert into DA106G1.ROOM_DATE (DATE_TIME,ISHOLIDAY) values (to_date('2020-08-23','yyyy-mm-dd'),0);
Insert into DA106G1.ROOM_DATE (DATE_TIME,ISHOLIDAY) values (to_date('2020-08-24','yyyy-mm-dd'),0);
Insert into DA106G1.ROOM_DATE (DATE_TIME,ISHOLIDAY) values (to_date('2020-08-25','yyyy-mm-dd'),0);
Insert into DA106G1.ROOM_DATE (DATE_TIME,ISHOLIDAY) values (to_date('2020-08-26','yyyy-mm-dd'),0);
Insert into DA106G1.ROOM_DATE (DATE_TIME,ISHOLIDAY) values (to_date('2020-08-27','yyyy-mm-dd'),0);
Insert into DA106G1.ROOM_DATE (DATE_TIME,ISHOLIDAY) values (to_date('2020-08-28','yyyy-mm-dd'),1);
Insert into DA106G1.ROOM_DATE (DATE_TIME,ISHOLIDAY) values (to_date('2020-08-29','yyyy-mm-dd'),1);
Insert into DA106G1.ROOM_DATE (DATE_TIME,ISHOLIDAY) values (to_date('2020-08-30','yyyy-mm-dd'),0);
Insert into DA106G1.ROOM_DATE (DATE_TIME,ISHOLIDAY) values (to_date('2020-08-31','yyyy-mm-dd'),0);
Insert into DA106G1.ROOM_DATE (DATE_TIME,ISHOLIDAY) values (to_date('2020-09-01','yyyy-mm-dd'),0);
Insert into DA106G1.ROOM_DATE (DATE_TIME,ISHOLIDAY) values (to_date('2020-09-02','yyyy-mm-dd'),1);
Insert into DA106G1.ROOM_DATE (DATE_TIME,ISHOLIDAY) values (to_date('2020-09-03','yyyy-mm-dd'),0);
Insert into DA106G1.ROOM_DATE (DATE_TIME,ISHOLIDAY) values (to_date('2020-09-04','yyyy-mm-dd'),1);
Insert into DA106G1.ROOM_DATE (DATE_TIME,ISHOLIDAY) values (to_date('2020-09-05','yyyy-mm-dd'),1);
Insert into DA106G1.ROOM_DATE (DATE_TIME,ISHOLIDAY) values (to_date('2020-09-06','yyyy-mm-dd'),0);
Insert into DA106G1.ROOM_DATE (DATE_TIME,ISHOLIDAY) values (to_date('2020-09-07','yyyy-mm-dd'),0);
Insert into DA106G1.ROOM_DATE (DATE_TIME,ISHOLIDAY) values (to_date('2020-09-08','yyyy-mm-dd'),0);
Insert into DA106G1.ROOM_DATE (DATE_TIME,ISHOLIDAY) values (to_date('2020-09-09','yyyy-mm-dd'),0);
Insert into DA106G1.ROOM_DATE (DATE_TIME,ISHOLIDAY) values (to_date('2020-09-10','yyyy-mm-dd'),0);
Insert into DA106G1.ROOM_DATE (DATE_TIME,ISHOLIDAY) values (to_date('2020-09-11','yyyy-mm-dd'),1);
Insert into DA106G1.ROOM_DATE (DATE_TIME,ISHOLIDAY) values (to_date('2020-09-12','yyyy-mm-dd'),1);
Insert into DA106G1.ROOM_DATE (DATE_TIME,ISHOLIDAY) values (to_date('2020-09-13','yyyy-mm-dd'),0);
Insert into DA106G1.ROOM_DATE (DATE_TIME,ISHOLIDAY) values (to_date('2020-09-14','yyyy-mm-dd'),0);
Insert into DA106G1.ROOM_DATE (DATE_TIME,ISHOLIDAY) values (to_date('2020-09-15','yyyy-mm-dd'),0);
Insert into DA106G1.ROOM_DATE (DATE_TIME,ISHOLIDAY) values (to_date('2020-09-16','yyyy-mm-dd'),0);
Insert into DA106G1.ROOM_DATE (DATE_TIME,ISHOLIDAY) values (to_date('2020-09-17','yyyy-mm-dd'),0);
Insert into DA106G1.ROOM_DATE (DATE_TIME,ISHOLIDAY) values (to_date('2020-09-18','yyyy-mm-dd'),1);
Insert into DA106G1.ROOM_DATE (DATE_TIME,ISHOLIDAY) values (to_date('2020-09-19','yyyy-mm-dd'),1);
Insert into DA106G1.ROOM_DATE (DATE_TIME,ISHOLIDAY) values (to_date('2020-09-20','yyyy-mm-dd'),0);
Insert into DA106G1.ROOM_DATE (DATE_TIME,ISHOLIDAY) values (to_date('2020-09-21','yyyy-mm-dd'),0);
Insert into DA106G1.ROOM_DATE (DATE_TIME,ISHOLIDAY) values (to_date('2020-09-22','yyyy-mm-dd'),0);
Insert into DA106G1.ROOM_DATE (DATE_TIME,ISHOLIDAY) values (to_date('2020-09-23','yyyy-mm-dd'),0);
Insert into DA106G1.ROOM_DATE (DATE_TIME,ISHOLIDAY) values (to_date('2020-09-24','yyyy-mm-dd'),0);
Insert into DA106G1.ROOM_DATE (DATE_TIME,ISHOLIDAY) values (to_date('2020-09-25','yyyy-mm-dd'),1);
Insert into DA106G1.ROOM_DATE (DATE_TIME,ISHOLIDAY) values (to_date('2020-09-26','yyyy-mm-dd'),1);
Insert into DA106G1.ROOM_DATE (DATE_TIME,ISHOLIDAY) values (to_date('2020-09-27','yyyy-mm-dd'),0);
Insert into DA106G1.ROOM_DATE (DATE_TIME,ISHOLIDAY) values (to_date('2020-09-28','yyyy-mm-dd'),0);
Insert into DA106G1.ROOM_DATE (DATE_TIME,ISHOLIDAY) values (to_date('2020-09-29','yyyy-mm-dd'),0);
Insert into DA106G1.ROOM_DATE (DATE_TIME,ISHOLIDAY) values (to_date('2020-09-30','yyyy-mm-dd'),1);
Insert into DA106G1.ROOM_DATE (DATE_TIME,ISHOLIDAY) values (to_date('2020-10-01','yyyy-mm-dd'),1);
Insert into DA106G1.ROOM_DATE (DATE_TIME,ISHOLIDAY) values (to_date('2020-10-02','yyyy-mm-dd'),1);
Insert into DA106G1.ROOM_DATE (DATE_TIME,ISHOLIDAY) values (to_date('2020-10-03','yyyy-mm-dd'),1);
Insert into DA106G1.ROOM_DATE (DATE_TIME,ISHOLIDAY) values (to_date('2020-10-04','yyyy-mm-dd'),0);
Insert into DA106G1.ROOM_DATE (DATE_TIME,ISHOLIDAY) values (to_date('2020-10-05','yyyy-mm-dd'),0);
Insert into DA106G1.ROOM_DATE (DATE_TIME,ISHOLIDAY) values (to_date('2020-10-06','yyyy-mm-dd'),0);
Insert into DA106G1.ROOM_DATE (DATE_TIME,ISHOLIDAY) values (to_date('2020-10-07','yyyy-mm-dd'),0);
Insert into DA106G1.ROOM_DATE (DATE_TIME,ISHOLIDAY) values (to_date('2020-10-08','yyyy-mm-dd'),1);
Insert into DA106G1.ROOM_DATE (DATE_TIME,ISHOLIDAY) values (to_date('2020-10-09','yyyy-mm-dd'),1);
Insert into DA106G1.ROOM_DATE (DATE_TIME,ISHOLIDAY) values (to_date('2020-10-10','yyyy-mm-dd'),1);
Insert into DA106G1.ROOM_DATE (DATE_TIME,ISHOLIDAY) values (to_date('2020-10-11','yyyy-mm-dd'),0);
Insert into DA106G1.ROOM_DATE (DATE_TIME,ISHOLIDAY) values (to_date('2020-10-12','yyyy-mm-dd'),0);
Insert into DA106G1.ROOM_DATE (DATE_TIME,ISHOLIDAY) values (to_date('2020-10-13','yyyy-mm-dd'),0);
Insert into DA106G1.ROOM_DATE (DATE_TIME,ISHOLIDAY) values (to_date('2020-10-14','yyyy-mm-dd'),0);
Insert into DA106G1.ROOM_DATE (DATE_TIME,ISHOLIDAY) values (to_date('2020-10-15','yyyy-mm-dd'),0);
Insert into DA106G1.ROOM_DATE (DATE_TIME,ISHOLIDAY) values (to_date('2020-10-16','yyyy-mm-dd'),1);
Insert into DA106G1.ROOM_DATE (DATE_TIME,ISHOLIDAY) values (to_date('2020-10-17','yyyy-mm-dd'),1);
Insert into DA106G1.ROOM_DATE (DATE_TIME,ISHOLIDAY) values (to_date('2020-10-18','yyyy-mm-dd'),0);
Insert into DA106G1.ROOM_DATE (DATE_TIME,ISHOLIDAY) values (to_date('2020-10-19','yyyy-mm-dd'),0);
Insert into DA106G1.ROOM_DATE (DATE_TIME,ISHOLIDAY) values (to_date('2020-10-20','yyyy-mm-dd'),0);
Insert into DA106G1.ROOM_DATE (DATE_TIME,ISHOLIDAY) values (to_date('2020-10-21','yyyy-mm-dd'),0);
Insert into DA106G1.ROOM_DATE (DATE_TIME,ISHOLIDAY) values (to_date('2020-10-22','yyyy-mm-dd'),0);
Insert into DA106G1.ROOM_DATE (DATE_TIME,ISHOLIDAY) values (to_date('2020-10-23','yyyy-mm-dd'),1);
Insert into DA106G1.ROOM_DATE (DATE_TIME,ISHOLIDAY) values (to_date('2020-10-24','yyyy-mm-dd'),1);
Insert into DA106G1.ROOM_DATE (DATE_TIME,ISHOLIDAY) values (to_date('2020-10-25','yyyy-mm-dd'),0);
Insert into DA106G1.ROOM_DATE (DATE_TIME,ISHOLIDAY) values (to_date('2020-10-26','yyyy-mm-dd'),0);
Insert into DA106G1.ROOM_DATE (DATE_TIME,ISHOLIDAY) values (to_date('2020-10-27','yyyy-mm-dd'),0);
Insert into DA106G1.ROOM_DATE (DATE_TIME,ISHOLIDAY) values (to_date('2020-10-28','yyyy-mm-dd'),0);
Insert into DA106G1.ROOM_DATE (DATE_TIME,ISHOLIDAY) values (to_date('2020-10-29','yyyy-mm-dd'),0);
Insert into DA106G1.ROOM_DATE (DATE_TIME,ISHOLIDAY) values (to_date('2020-10-30','yyyy-mm-dd'),1);
Insert into DA106G1.ROOM_DATE (DATE_TIME,ISHOLIDAY) values (to_date('2020-10-31','yyyy-mm-dd'),1);
Insert into DA106G1.ROOM_DATE (DATE_TIME,ISHOLIDAY) values (to_date('2020-11-01','yyyy-mm-dd'),0);
Insert into DA106G1.ROOM_DATE (DATE_TIME,ISHOLIDAY) values (to_date('2020-11-02','yyyy-mm-dd'),0);
Insert into DA106G1.ROOM_DATE (DATE_TIME,ISHOLIDAY) values (to_date('2020-11-03','yyyy-mm-dd'),0);
Insert into DA106G1.ROOM_DATE (DATE_TIME,ISHOLIDAY) values (to_date('2020-11-04','yyyy-mm-dd'),0);
Insert into DA106G1.ROOM_DATE (DATE_TIME,ISHOLIDAY) values (to_date('2020-11-05','yyyy-mm-dd'),0);
Insert into DA106G1.ROOM_DATE (DATE_TIME,ISHOLIDAY) values (to_date('2020-11-06','yyyy-mm-dd'),1);
Insert into DA106G1.ROOM_DATE (DATE_TIME,ISHOLIDAY) values (to_date('2020-11-07','yyyy-mm-dd'),1);
Insert into DA106G1.ROOM_DATE (DATE_TIME,ISHOLIDAY) values (to_date('2020-11-08','yyyy-mm-dd'),0);
Insert into DA106G1.ROOM_DATE (DATE_TIME,ISHOLIDAY) values (to_date('2020-11-09','yyyy-mm-dd'),0);
Insert into DA106G1.ROOM_DATE (DATE_TIME,ISHOLIDAY) values (to_date('2020-11-10','yyyy-mm-dd'),0);
Insert into DA106G1.ROOM_DATE (DATE_TIME,ISHOLIDAY) values (to_date('2020-11-11','yyyy-mm-dd'),0);
Insert into DA106G1.ROOM_DATE (DATE_TIME,ISHOLIDAY) values (to_date('2020-11-12','yyyy-mm-dd'),0);
Insert into DA106G1.ROOM_DATE (DATE_TIME,ISHOLIDAY) values (to_date('2020-11-13','yyyy-mm-dd'),1);
Insert into DA106G1.ROOM_DATE (DATE_TIME,ISHOLIDAY) values (to_date('2020-11-14','yyyy-mm-dd'),1);
Insert into DA106G1.ROOM_DATE (DATE_TIME,ISHOLIDAY) values (to_date('2020-11-15','yyyy-mm-dd'),0);
Insert into DA106G1.ROOM_DATE (DATE_TIME,ISHOLIDAY) values (to_date('2020-11-16','yyyy-mm-dd'),0);
Insert into DA106G1.ROOM_DATE (DATE_TIME,ISHOLIDAY) values (to_date('2020-11-17','yyyy-mm-dd'),0);
Insert into DA106G1.ROOM_DATE (DATE_TIME,ISHOLIDAY) values (to_date('2020-11-18','yyyy-mm-dd'),0);
Insert into DA106G1.ROOM_DATE (DATE_TIME,ISHOLIDAY) values (to_date('2020-11-19','yyyy-mm-dd'),0);
Insert into DA106G1.ROOM_DATE (DATE_TIME,ISHOLIDAY) values (to_date('2020-11-20','yyyy-mm-dd'),1);
Insert into DA106G1.ROOM_DATE (DATE_TIME,ISHOLIDAY) values (to_date('2020-11-21','yyyy-mm-dd'),1);
Insert into DA106G1.ROOM_DATE (DATE_TIME,ISHOLIDAY) values (to_date('2020-11-22','yyyy-mm-dd'),0);
Insert into DA106G1.ROOM_DATE (DATE_TIME,ISHOLIDAY) values (to_date('2020-11-23','yyyy-mm-dd'),0);
Insert into DA106G1.ROOM_DATE (DATE_TIME,ISHOLIDAY) values (to_date('2020-11-24','yyyy-mm-dd'),0);
Insert into DA106G1.ROOM_DATE (DATE_TIME,ISHOLIDAY) values (to_date('2020-11-25','yyyy-mm-dd'),0);
Insert into DA106G1.ROOM_DATE (DATE_TIME,ISHOLIDAY) values (to_date('2020-11-26','yyyy-mm-dd'),0);
Insert into DA106G1.ROOM_DATE (DATE_TIME,ISHOLIDAY) values (to_date('2020-11-27','yyyy-mm-dd'),1);
Insert into DA106G1.ROOM_DATE (DATE_TIME,ISHOLIDAY) values (to_date('2020-11-28','yyyy-mm-dd'),1);
Insert into DA106G1.ROOM_DATE (DATE_TIME,ISHOLIDAY) values (to_date('2020-11-29','yyyy-mm-dd'),0);
Insert into DA106G1.ROOM_DATE (DATE_TIME,ISHOLIDAY) values (to_date('2020-11-30','yyyy-mm-dd'),0);
Insert into DA106G1.ROOM_DATE (DATE_TIME,ISHOLIDAY) values (to_date('2020-12-01','yyyy-mm-dd'),0);
Insert into DA106G1.ROOM_DATE (DATE_TIME,ISHOLIDAY) values (to_date('2020-12-02','yyyy-mm-dd'),0);
Insert into DA106G1.ROOM_DATE (DATE_TIME,ISHOLIDAY) values (to_date('2020-12-03','yyyy-mm-dd'),0);
Insert into DA106G1.ROOM_DATE (DATE_TIME,ISHOLIDAY) values (to_date('2020-12-04','yyyy-mm-dd'),1);
Insert into DA106G1.ROOM_DATE (DATE_TIME,ISHOLIDAY) values (to_date('2020-12-05','yyyy-mm-dd'),1);
Insert into DA106G1.ROOM_DATE (DATE_TIME,ISHOLIDAY) values (to_date('2020-12-06','yyyy-mm-dd'),0);
Insert into DA106G1.ROOM_DATE (DATE_TIME,ISHOLIDAY) values (to_date('2020-12-07','yyyy-mm-dd'),0);
Insert into DA106G1.ROOM_DATE (DATE_TIME,ISHOLIDAY) values (to_date('2020-12-08','yyyy-mm-dd'),0);
Insert into DA106G1.ROOM_DATE (DATE_TIME,ISHOLIDAY) values (to_date('2020-12-09','yyyy-mm-dd'),0);
Insert into DA106G1.ROOM_DATE (DATE_TIME,ISHOLIDAY) values (to_date('2020-12-10','yyyy-mm-dd'),0);
Insert into DA106G1.ROOM_DATE (DATE_TIME,ISHOLIDAY) values (to_date('2020-12-11','yyyy-mm-dd'),1);
Insert into DA106G1.ROOM_DATE (DATE_TIME,ISHOLIDAY) values (to_date('2020-12-12','yyyy-mm-dd'),1);
Insert into DA106G1.ROOM_DATE (DATE_TIME,ISHOLIDAY) values (to_date('2020-12-13','yyyy-mm-dd'),0);
Insert into DA106G1.ROOM_DATE (DATE_TIME,ISHOLIDAY) values (to_date('2020-12-14','yyyy-mm-dd'),0);
Insert into DA106G1.ROOM_DATE (DATE_TIME,ISHOLIDAY) values (to_date('2020-12-15','yyyy-mm-dd'),0);
Insert into DA106G1.ROOM_DATE (DATE_TIME,ISHOLIDAY) values (to_date('2020-12-16','yyyy-mm-dd'),0);
Insert into DA106G1.ROOM_DATE (DATE_TIME,ISHOLIDAY) values (to_date('2020-12-17','yyyy-mm-dd'),0);
Insert into DA106G1.ROOM_DATE (DATE_TIME,ISHOLIDAY) values (to_date('2020-12-18','yyyy-mm-dd'),1);
Insert into DA106G1.ROOM_DATE (DATE_TIME,ISHOLIDAY) values (to_date('2020-12-19','yyyy-mm-dd'),1);
Insert into DA106G1.ROOM_DATE (DATE_TIME,ISHOLIDAY) values (to_date('2020-12-20','yyyy-mm-dd'),0);
Insert into DA106G1.ROOM_DATE (DATE_TIME,ISHOLIDAY) values (to_date('2020-12-21','yyyy-mm-dd'),0);
Insert into DA106G1.ROOM_DATE (DATE_TIME,ISHOLIDAY) values (to_date('2020-12-22','yyyy-mm-dd'),0);
Insert into DA106G1.ROOM_DATE (DATE_TIME,ISHOLIDAY) values (to_date('2020-12-23','yyyy-mm-dd'),0);
Insert into DA106G1.ROOM_DATE (DATE_TIME,ISHOLIDAY) values (to_date('2020-12-24','yyyy-mm-dd'),0);
Insert into DA106G1.ROOM_DATE (DATE_TIME,ISHOLIDAY) values (to_date('2020-12-25','yyyy-mm-dd'),1);
Insert into DA106G1.ROOM_DATE (DATE_TIME,ISHOLIDAY) values (to_date('2020-12-26','yyyy-mm-dd'),1);
Insert into DA106G1.ROOM_DATE (DATE_TIME,ISHOLIDAY) values (to_date('2020-12-27','yyyy-mm-dd'),0);
Insert into DA106G1.ROOM_DATE (DATE_TIME,ISHOLIDAY) values (to_date('2020-12-28','yyyy-mm-dd'),0);
Insert into DA106G1.ROOM_DATE (DATE_TIME,ISHOLIDAY) values (to_date('2020-12-29','yyyy-mm-dd'),0);
Insert into DA106G1.ROOM_DATE (DATE_TIME,ISHOLIDAY) values (to_date('2020-12-30','yyyy-mm-dd'),0);
Insert into DA106G1.ROOM_DATE (DATE_TIME,ISHOLIDAY) values (to_date('2020-12-31','yyyy-mm-dd'),0);
--------------------------------------------------------

COMMIT;
--以下產生 PK 唯一性衝突, 因為跟第一筆資料重複, 取消狀態欄位沒有意義所以在 HotelOne_0318 中已拿掉
--ORA-00001: unique constraint (DA106.PK_ROOM_MEAL_ORDER_DETAIL) violated
--INSERT INTO ROOM_MEAL_ORDER_DETAIL(ROOM_MEAL_ORDER_NO, MEAL_NO, QUANTITY, PRICE, MEAL_STATUS)
--VALUES('ROM-20200322-001','M0001', 1, 100, 1);

------------------------------------------------------------------
